

Microchip MPLAB XC8 Assembler V2.36 build 20220127204148 
                                                                                               Mon Jan 23 10:39:14 2023

Microchip MPLAB XC8 C Compiler v2.36 (Free license) build 20220127204148 Og1 
     1                           	processor	16F15323
     2                           	pagewidth 120
     3                           	opt	flic
     4                           	psect	cinit,global,class=CODE,merge=1,delta=2
     5                           	psect	bssBANK0,global,class=BANK0,space=1,delta=1,noexec
     6                           	psect	cstackCOMMON,global,class=COMMON,space=1,delta=1,noexec
     7                           	psect	maintext,global,class=CODE,merge=1,split=1,delta=2
     8                           	psect	text1,local,class=CODE,merge=1,delta=2,group=1
     9                           	psect	text2,local,class=CODE,merge=1,delta=2
    10                           	psect	text3,local,class=CODE,merge=1,delta=2
    11                           	psect	text4,local,class=CODE,merge=1,delta=2
    12                           	psect	text5,local,class=CODE,merge=1,delta=2
    13                           	psect	text6,local,class=CODE,merge=1,delta=2
    14                           	psect	text7,local,class=CODE,merge=1,delta=2
    15                           	psect	text8,local,class=CODE,merge=1,delta=2
    16                           	psect	text9,local,class=CODE,merge=1,delta=2
    17                           	psect	text10,local,class=CODE,merge=1,delta=2
    18                           	psect	idloc,global,abs,ovrld,class=IDLOC,space=5,delta=2,noexec
    19                           	psect	config,global,abs,ovrld,class=CONFIG,space=4,delta=2,noexec
    20                           	dabs	1,0x7E,2
    21  0000                     
    22                           ; Version 2.36
    23                           ; Generated 28/01/2022 GMT
    24                           ; 
    25                           ; Copyright © 2022, Microchip Technology Inc. and its subsidiaries ("Microchip")
    26                           ; All rights reserved.
    27                           ; 
    28                           ; This software is developed by Microchip Technology Inc. and its subsidiaries ("Microch
      +                          ip").
    29                           ; 
    30                           ; Redistribution and use in source and binary forms, with or without modification, are
    31                           ; permitted provided that the following conditions are met:
    32                           ; 
    33                           ;     1. Redistributions of source code must retain the above copyright notice, this lis
      +                          t of
    34                           ;        conditions and the following disclaimer.
    35                           ; 
    36                           ;     2. Redistributions in binary form must reproduce the above copyright notice, this 
      +                          list
    37                           ;        of conditions and the following disclaimer in the documentation and/or other
    38                           ;        materials provided with the distribution. Publication is not required when
    39                           ;        this file is used in an embedded application.
    40                           ; 
    41                           ;     3. Microchip's name may not be used to endorse or promote products derived from th
      +                          is
    42                           ;        software without specific prior written permission.
    43                           ; 
    44                           ; THIS SOFTWARE IS PROVIDED BY MICROCHIP "AS IS" AND ANY EXPRESS OR IMPLIED WARRANTIES,
    45                           ; INCLUDING, BUT NOT LIMITED TO, THE IMPLIED WARRANTIES OF MERCHANTABILITY AND FITNESS F
      +                          OR
    46                           ; PURPOSE ARE DISCLAIMED.  IN NO EVENT SHALL MICROCHIP BE LIABLE FOR ANY DIRECT, INDIREC
      +                          T,
    47                           ; INCIDENTAL, SPECIAL, EXEMPLARY, OR CONSEQUENTIAL DAMAGES (INCLUDING BUT NOT LIMITED TO
    48                           ; PROCUREMENT OF SUBSTITUTE GOODS OR SERVICES; LOSS OF USE, DATA OR PROFITS; OR BUSINESS
    49                           ; INTERRUPTION) HOWSOEVER CAUSED AND ON ANY THEORY OF LIABILITY, WHETHER IN CONTRACT, ST
      +                          RICT
    50                           ; LIABILITY, OR TORT (INCLUDING NEGLIGENCE OR OTHERWISE) ARISING IN ANY WAY OUT OF THE U
      +                          SE OF
    51                           ; THIS SOFTWARE, EVEN IF ADVISED OF THE POSSIBILITY OF SUCH DAMAGE.
    52                           ; 
    53                           ; 
    54                           ; Code-generator required, PIC16F15323 Definitions
    55                           ; 
    56                           ; SFR Addresses
    57  0000                     	;# 
    58  0001                     	;# 
    59  0002                     	;# 
    60  0003                     	;# 
    61  0004                     	;# 
    62  0005                     	;# 
    63  0006                     	;# 
    64  0007                     	;# 
    65  0008                     	;# 
    66  0009                     	;# 
    67  000A                     	;# 
    68  000B                     	;# 
    69  000C                     	;# 
    70  000E                     	;# 
    71  0012                     	;# 
    72  0014                     	;# 
    73  0018                     	;# 
    74  001A                     	;# 
    75  009B                     	;# 
    76  009B                     	;# 
    77  009C                     	;# 
    78  009D                     	;# 
    79  009E                     	;# 
    80  009F                     	;# 
    81  0119                     	;# 
    82  0119                     	;# 
    83  0119                     	;# 
    84  011A                     	;# 
    85  011A                     	;# 
    86  011A                     	;# 
    87  011B                     	;# 
    88  011B                     	;# 
    89  011B                     	;# 
    90  011B                     	;# 
    91  011B                     	;# 
    92  011C                     	;# 
    93  011C                     	;# 
    94  011C                     	;# 
    95  011D                     	;# 
    96  011D                     	;# 
    97  011D                     	;# 
    98  011E                     	;# 
    99  011E                     	;# 
   100  011E                     	;# 
   101  011F                     	;# 
   102  011F                     	;# 
   103  011F                     	;# 
   104  011F                     	;# 
   105  011F                     	;# 
   106  018C                     	;# 
   107  018D                     	;# 
   108  018E                     	;# 
   109  018F                     	;# 
   110  0190                     	;# 
   111  0191                     	;# 
   112  0192                     	;# 
   113  020C                     	;# 
   114  020C                     	;# 
   115  020D                     	;# 
   116  020E                     	;# 
   117  020F                     	;# 
   118  020F                     	;# 
   119  0210                     	;# 
   120  0210                     	;# 
   121  0211                     	;# 
   122  0211                     	;# 
   123  028C                     	;# 
   124  028C                     	;# 
   125  028D                     	;# 
   126  028D                     	;# 
   127  028E                     	;# 
   128  028F                     	;# 
   129  0290                     	;# 
   130  0291                     	;# 
   131  030C                     	;# 
   132  030C                     	;# 
   133  030D                     	;# 
   134  030E                     	;# 
   135  030F                     	;# 
   136  0310                     	;# 
   137  0310                     	;# 
   138  0311                     	;# 
   139  0312                     	;# 
   140  0313                     	;# 
   141  0314                     	;# 
   142  0314                     	;# 
   143  0315                     	;# 
   144  0316                     	;# 
   145  0318                     	;# 
   146  0318                     	;# 
   147  0319                     	;# 
   148  031A                     	;# 
   149  031C                     	;# 
   150  031C                     	;# 
   151  031D                     	;# 
   152  031E                     	;# 
   153  038C                     	;# 
   154  038C                     	;# 
   155  038D                     	;# 
   156  038E                     	;# 
   157  058C                     	;# 
   158  058C                     	;# 
   159  058D                     	;# 
   160  058E                     	;# 
   161  058F                     	;# 
   162  058F                     	;# 
   163  0590                     	;# 
   164  0591                     	;# 
   165  0592                     	;# 
   166  0593                     	;# 
   167  059C                     	;# 
   168  059C                     	;# 
   169  059D                     	;# 
   170  059D                     	;# 
   171  059E                     	;# 
   172  059F                     	;# 
   173  060C                     	;# 
   174  060D                     	;# 
   175  060E                     	;# 
   176  060F                     	;# 
   177  0610                     	;# 
   178  0611                     	;# 
   179  0612                     	;# 
   180  0613                     	;# 
   181  0614                     	;# 
   182  070C                     	;# 
   183  070D                     	;# 
   184  070E                     	;# 
   185  070F                     	;# 
   186  0710                     	;# 
   187  0711                     	;# 
   188  0712                     	;# 
   189  0713                     	;# 
   190  0716                     	;# 
   191  0717                     	;# 
   192  0718                     	;# 
   193  0719                     	;# 
   194  071A                     	;# 
   195  071B                     	;# 
   196  071C                     	;# 
   197  071D                     	;# 
   198  0796                     	;# 
   199  0797                     	;# 
   200  0798                     	;# 
   201  0799                     	;# 
   202  079A                     	;# 
   203  079B                     	;# 
   204  080C                     	;# 
   205  080D                     	;# 
   206  080E                     	;# 
   207  080F                     	;# 
   208  0810                     	;# 
   209  0811                     	;# 
   210  0812                     	;# 
   211  0813                     	;# 
   212  0814                     	;# 
   213  081A                     	;# 
   214  081A                     	;# 
   215  081B                     	;# 
   216  081C                     	;# 
   217  081C                     	;# 
   218  081D                     	;# 
   219  081E                     	;# 
   220  081F                     	;# 
   221  088C                     	;# 
   222  088D                     	;# 
   223  088E                     	;# 
   224  088F                     	;# 
   225  0890                     	;# 
   226  0891                     	;# 
   227  0892                     	;# 
   228  0893                     	;# 
   229  0895                     	;# 
   230  0896                     	;# 
   231  090C                     	;# 
   232  090E                     	;# 
   233  090F                     	;# 
   234  091F                     	;# 
   235  098F                     	;# 
   236  098F                     	;# 
   237  0990                     	;# 
   238  0991                     	;# 
   239  0992                     	;# 
   240  0993                     	;# 
   241  0994                     	;# 
   242  0995                     	;# 
   243  0996                     	;# 
   244  0997                     	;# 
   245  1E0F                     	;# 
   246  1E10                     	;# 
   247  1E11                     	;# 
   248  1E12                     	;# 
   249  1E13                     	;# 
   250  1E14                     	;# 
   251  1E15                     	;# 
   252  1E16                     	;# 
   253  1E17                     	;# 
   254  1E18                     	;# 
   255  1E19                     	;# 
   256  1E1A                     	;# 
   257  1E1B                     	;# 
   258  1E1C                     	;# 
   259  1E1D                     	;# 
   260  1E1E                     	;# 
   261  1E1F                     	;# 
   262  1E20                     	;# 
   263  1E21                     	;# 
   264  1E22                     	;# 
   265  1E23                     	;# 
   266  1E24                     	;# 
   267  1E25                     	;# 
   268  1E26                     	;# 
   269  1E27                     	;# 
   270  1E28                     	;# 
   271  1E29                     	;# 
   272  1E2A                     	;# 
   273  1E2B                     	;# 
   274  1E2C                     	;# 
   275  1E2D                     	;# 
   276  1E2E                     	;# 
   277  1E2F                     	;# 
   278  1E30                     	;# 
   279  1E31                     	;# 
   280  1E32                     	;# 
   281  1E33                     	;# 
   282  1E34                     	;# 
   283  1E35                     	;# 
   284  1E36                     	;# 
   285  1E37                     	;# 
   286  1E8F                     	;# 
   287  1E90                     	;# 
   288  1E91                     	;# 
   289  1E92                     	;# 
   290  1E93                     	;# 
   291  1E9C                     	;# 
   292  1EA1                     	;# 
   293  1EA2                     	;# 
   294  1EB1                     	;# 
   295  1EBB                     	;# 
   296  1EBC                     	;# 
   297  1EBD                     	;# 
   298  1EBE                     	;# 
   299  1EC3                     	;# 
   300  1EC5                     	;# 
   301  1EC6                     	;# 
   302  1EC7                     	;# 
   303  1ECB                     	;# 
   304  1ECC                     	;# 
   305  1F10                     	;# 
   306  1F11                     	;# 
   307  1F12                     	;# 
   308  1F13                     	;# 
   309  1F14                     	;# 
   310  1F15                     	;# 
   311  1F20                     	;# 
   312  1F21                     	;# 
   313  1F22                     	;# 
   314  1F23                     	;# 
   315  1F24                     	;# 
   316  1F25                     	;# 
   317  1F38                     	;# 
   318  1F39                     	;# 
   319  1F3A                     	;# 
   320  1F3B                     	;# 
   321  1F3C                     	;# 
   322  1F3D                     	;# 
   323  1F3E                     	;# 
   324  1F3F                     	;# 
   325  1F4E                     	;# 
   326  1F4F                     	;# 
   327  1F50                     	;# 
   328  1F51                     	;# 
   329  1F52                     	;# 
   330  1F53                     	;# 
   331  1F54                     	;# 
   332  1F55                     	;# 
   333  1FE4                     	;# 
   334  1FE5                     	;# 
   335  1FE6                     	;# 
   336  1FE7                     	;# 
   337  1FE8                     	;# 
   338  1FE8                     	;# 
   339  1FE9                     	;# 
   340  1FEA                     	;# 
   341  1FEA                     	;# 
   342  1FEB                     	;# 
   343  1FED                     	;# 
   344  1FEE                     	;# 
   345  1FEF                     	;# 
   346  0000                     	;# 
   347  0001                     	;# 
   348  0002                     	;# 
   349  0003                     	;# 
   350  0004                     	;# 
   351  0005                     	;# 
   352  0006                     	;# 
   353  0007                     	;# 
   354  0008                     	;# 
   355  0009                     	;# 
   356  000A                     	;# 
   357  000B                     	;# 
   358  000C                     	;# 
   359  000E                     	;# 
   360  0012                     	;# 
   361  0014                     	;# 
   362  0018                     	;# 
   363  001A                     	;# 
   364  009B                     	;# 
   365  009B                     	;# 
   366  009C                     	;# 
   367  009D                     	;# 
   368  009E                     	;# 
   369  009F                     	;# 
   370  0119                     	;# 
   371  0119                     	;# 
   372  0119                     	;# 
   373  011A                     	;# 
   374  011A                     	;# 
   375  011A                     	;# 
   376  011B                     	;# 
   377  011B                     	;# 
   378  011B                     	;# 
   379  011B                     	;# 
   380  011B                     	;# 
   381  011C                     	;# 
   382  011C                     	;# 
   383  011C                     	;# 
   384  011D                     	;# 
   385  011D                     	;# 
   386  011D                     	;# 
   387  011E                     	;# 
   388  011E                     	;# 
   389  011E                     	;# 
   390  011F                     	;# 
   391  011F                     	;# 
   392  011F                     	;# 
   393  011F                     	;# 
   394  011F                     	;# 
   395  018C                     	;# 
   396  018D                     	;# 
   397  018E                     	;# 
   398  018F                     	;# 
   399  0190                     	;# 
   400  0191                     	;# 
   401  0192                     	;# 
   402  020C                     	;# 
   403  020C                     	;# 
   404  020D                     	;# 
   405  020E                     	;# 
   406  020F                     	;# 
   407  020F                     	;# 
   408  0210                     	;# 
   409  0210                     	;# 
   410  0211                     	;# 
   411  0211                     	;# 
   412  028C                     	;# 
   413  028C                     	;# 
   414  028D                     	;# 
   415  028D                     	;# 
   416  028E                     	;# 
   417  028F                     	;# 
   418  0290                     	;# 
   419  0291                     	;# 
   420  030C                     	;# 
   421  030C                     	;# 
   422  030D                     	;# 
   423  030E                     	;# 
   424  030F                     	;# 
   425  0310                     	;# 
   426  0310                     	;# 
   427  0311                     	;# 
   428  0312                     	;# 
   429  0313                     	;# 
   430  0314                     	;# 
   431  0314                     	;# 
   432  0315                     	;# 
   433  0316                     	;# 
   434  0318                     	;# 
   435  0318                     	;# 
   436  0319                     	;# 
   437  031A                     	;# 
   438  031C                     	;# 
   439  031C                     	;# 
   440  031D                     	;# 
   441  031E                     	;# 
   442  038C                     	;# 
   443  038C                     	;# 
   444  038D                     	;# 
   445  038E                     	;# 
   446  058C                     	;# 
   447  058C                     	;# 
   448  058D                     	;# 
   449  058E                     	;# 
   450  058F                     	;# 
   451  058F                     	;# 
   452  0590                     	;# 
   453  0591                     	;# 
   454  0592                     	;# 
   455  0593                     	;# 
   456  059C                     	;# 
   457  059C                     	;# 
   458  059D                     	;# 
   459  059D                     	;# 
   460  059E                     	;# 
   461  059F                     	;# 
   462  060C                     	;# 
   463  060D                     	;# 
   464  060E                     	;# 
   465  060F                     	;# 
   466  0610                     	;# 
   467  0611                     	;# 
   468  0612                     	;# 
   469  0613                     	;# 
   470  0614                     	;# 
   471  070C                     	;# 
   472  070D                     	;# 
   473  070E                     	;# 
   474  070F                     	;# 
   475  0710                     	;# 
   476  0711                     	;# 
   477  0712                     	;# 
   478  0713                     	;# 
   479  0716                     	;# 
   480  0717                     	;# 
   481  0718                     	;# 
   482  0719                     	;# 
   483  071A                     	;# 
   484  071B                     	;# 
   485  071C                     	;# 
   486  071D                     	;# 
   487  0796                     	;# 
   488  0797                     	;# 
   489  0798                     	;# 
   490  0799                     	;# 
   491  079A                     	;# 
   492  079B                     	;# 
   493  080C                     	;# 
   494  080D                     	;# 
   495  080E                     	;# 
   496  080F                     	;# 
   497  0810                     	;# 
   498  0811                     	;# 
   499  0812                     	;# 
   500  0813                     	;# 
   501  0814                     	;# 
   502  081A                     	;# 
   503  081A                     	;# 
   504  081B                     	;# 
   505  081C                     	;# 
   506  081C                     	;# 
   507  081D                     	;# 
   508  081E                     	;# 
   509  081F                     	;# 
   510  088C                     	;# 
   511  088D                     	;# 
   512  088E                     	;# 
   513  088F                     	;# 
   514  0890                     	;# 
   515  0891                     	;# 
   516  0892                     	;# 
   517  0893                     	;# 
   518  0895                     	;# 
   519  0896                     	;# 
   520  090C                     	;# 
   521  090E                     	;# 
   522  090F                     	;# 
   523  091F                     	;# 
   524  098F                     	;# 
   525  098F                     	;# 
   526  0990                     	;# 
   527  0991                     	;# 
   528  0992                     	;# 
   529  0993                     	;# 
   530  0994                     	;# 
   531  0995                     	;# 
   532  0996                     	;# 
   533  0997                     	;# 
   534  1E0F                     	;# 
   535  1E10                     	;# 
   536  1E11                     	;# 
   537  1E12                     	;# 
   538  1E13                     	;# 
   539  1E14                     	;# 
   540  1E15                     	;# 
   541  1E16                     	;# 
   542  1E17                     	;# 
   543  1E18                     	;# 
   544  1E19                     	;# 
   545  1E1A                     	;# 
   546  1E1B                     	;# 
   547  1E1C                     	;# 
   548  1E1D                     	;# 
   549  1E1E                     	;# 
   550  1E1F                     	;# 
   551  1E20                     	;# 
   552  1E21                     	;# 
   553  1E22                     	;# 
   554  1E23                     	;# 
   555  1E24                     	;# 
   556  1E25                     	;# 
   557  1E26                     	;# 
   558  1E27                     	;# 
   559  1E28                     	;# 
   560  1E29                     	;# 
   561  1E2A                     	;# 
   562  1E2B                     	;# 
   563  1E2C                     	;# 
   564  1E2D                     	;# 
   565  1E2E                     	;# 
   566  1E2F                     	;# 
   567  1E30                     	;# 
   568  1E31                     	;# 
   569  1E32                     	;# 
   570  1E33                     	;# 
   571  1E34                     	;# 
   572  1E35                     	;# 
   573  1E36                     	;# 
   574  1E37                     	;# 
   575  1E8F                     	;# 
   576  1E90                     	;# 
   577  1E91                     	;# 
   578  1E92                     	;# 
   579  1E93                     	;# 
   580  1E9C                     	;# 
   581  1EA1                     	;# 
   582  1EA2                     	;# 
   583  1EB1                     	;# 
   584  1EBB                     	;# 
   585  1EBC                     	;# 
   586  1EBD                     	;# 
   587  1EBE                     	;# 
   588  1EC3                     	;# 
   589  1EC5                     	;# 
   590  1EC6                     	;# 
   591  1EC7                     	;# 
   592  1ECB                     	;# 
   593  1ECC                     	;# 
   594  1F10                     	;# 
   595  1F11                     	;# 
   596  1F12                     	;# 
   597  1F13                     	;# 
   598  1F14                     	;# 
   599  1F15                     	;# 
   600  1F20                     	;# 
   601  1F21                     	;# 
   602  1F22                     	;# 
   603  1F23                     	;# 
   604  1F24                     	;# 
   605  1F25                     	;# 
   606  1F38                     	;# 
   607  1F39                     	;# 
   608  1F3A                     	;# 
   609  1F3B                     	;# 
   610  1F3C                     	;# 
   611  1F3D                     	;# 
   612  1F3E                     	;# 
   613  1F3F                     	;# 
   614  1F4E                     	;# 
   615  1F4F                     	;# 
   616  1F50                     	;# 
   617  1F51                     	;# 
   618  1F52                     	;# 
   619  1F53                     	;# 
   620  1F54                     	;# 
   621  1F55                     	;# 
   622  1FE4                     	;# 
   623  1FE5                     	;# 
   624  1FE6                     	;# 
   625  1FE7                     	;# 
   626  1FE8                     	;# 
   627  1FE8                     	;# 
   628  1FE9                     	;# 
   629  1FEA                     	;# 
   630  1FEA                     	;# 
   631  1FEB                     	;# 
   632  1FED                     	;# 
   633  1FEE                     	;# 
   634  1FEF                     	;# 
   635  0000                     	;# 
   636  0001                     	;# 
   637  0002                     	;# 
   638  0003                     	;# 
   639  0004                     	;# 
   640  0005                     	;# 
   641  0006                     	;# 
   642  0007                     	;# 
   643  0008                     	;# 
   644  0009                     	;# 
   645  000A                     	;# 
   646  000B                     	;# 
   647  000C                     	;# 
   648  000E                     	;# 
   649  0012                     	;# 
   650  0014                     	;# 
   651  0018                     	;# 
   652  001A                     	;# 
   653  009B                     	;# 
   654  009B                     	;# 
   655  009C                     	;# 
   656  009D                     	;# 
   657  009E                     	;# 
   658  009F                     	;# 
   659  0119                     	;# 
   660  0119                     	;# 
   661  0119                     	;# 
   662  011A                     	;# 
   663  011A                     	;# 
   664  011A                     	;# 
   665  011B                     	;# 
   666  011B                     	;# 
   667  011B                     	;# 
   668  011B                     	;# 
   669  011B                     	;# 
   670  011C                     	;# 
   671  011C                     	;# 
   672  011C                     	;# 
   673  011D                     	;# 
   674  011D                     	;# 
   675  011D                     	;# 
   676  011E                     	;# 
   677  011E                     	;# 
   678  011E                     	;# 
   679  011F                     	;# 
   680  011F                     	;# 
   681  011F                     	;# 
   682  011F                     	;# 
   683  011F                     	;# 
   684  018C                     	;# 
   685  018D                     	;# 
   686  018E                     	;# 
   687  018F                     	;# 
   688  0190                     	;# 
   689  0191                     	;# 
   690  0192                     	;# 
   691  020C                     	;# 
   692  020C                     	;# 
   693  020D                     	;# 
   694  020E                     	;# 
   695  020F                     	;# 
   696  020F                     	;# 
   697  0210                     	;# 
   698  0210                     	;# 
   699  0211                     	;# 
   700  0211                     	;# 
   701  028C                     	;# 
   702  028C                     	;# 
   703  028D                     	;# 
   704  028D                     	;# 
   705  028E                     	;# 
   706  028F                     	;# 
   707  0290                     	;# 
   708  0291                     	;# 
   709  030C                     	;# 
   710  030C                     	;# 
   711  030D                     	;# 
   712  030E                     	;# 
   713  030F                     	;# 
   714  0310                     	;# 
   715  0310                     	;# 
   716  0311                     	;# 
   717  0312                     	;# 
   718  0313                     	;# 
   719  0314                     	;# 
   720  0314                     	;# 
   721  0315                     	;# 
   722  0316                     	;# 
   723  0318                     	;# 
   724  0318                     	;# 
   725  0319                     	;# 
   726  031A                     	;# 
   727  031C                     	;# 
   728  031C                     	;# 
   729  031D                     	;# 
   730  031E                     	;# 
   731  038C                     	;# 
   732  038C                     	;# 
   733  038D                     	;# 
   734  038E                     	;# 
   735  058C                     	;# 
   736  058C                     	;# 
   737  058D                     	;# 
   738  058E                     	;# 
   739  058F                     	;# 
   740  058F                     	;# 
   741  0590                     	;# 
   742  0591                     	;# 
   743  0592                     	;# 
   744  0593                     	;# 
   745  059C                     	;# 
   746  059C                     	;# 
   747  059D                     	;# 
   748  059D                     	;# 
   749  059E                     	;# 
   750  059F                     	;# 
   751  060C                     	;# 
   752  060D                     	;# 
   753  060E                     	;# 
   754  060F                     	;# 
   755  0610                     	;# 
   756  0611                     	;# 
   757  0612                     	;# 
   758  0613                     	;# 
   759  0614                     	;# 
   760  070C                     	;# 
   761  070D                     	;# 
   762  070E                     	;# 
   763  070F                     	;# 
   764  0710                     	;# 
   765  0711                     	;# 
   766  0712                     	;# 
   767  0713                     	;# 
   768  0716                     	;# 
   769  0717                     	;# 
   770  0718                     	;# 
   771  0719                     	;# 
   772  071A                     	;# 
   773  071B                     	;# 
   774  071C                     	;# 
   775  071D                     	;# 
   776  0796                     	;# 
   777  0797                     	;# 
   778  0798                     	;# 
   779  0799                     	;# 
   780  079A                     	;# 
   781  079B                     	;# 
   782  080C                     	;# 
   783  080D                     	;# 
   784  080E                     	;# 
   785  080F                     	;# 
   786  0810                     	;# 
   787  0811                     	;# 
   788  0812                     	;# 
   789  0813                     	;# 
   790  0814                     	;# 
   791  081A                     	;# 
   792  081A                     	;# 
   793  081B                     	;# 
   794  081C                     	;# 
   795  081C                     	;# 
   796  081D                     	;# 
   797  081E                     	;# 
   798  081F                     	;# 
   799  088C                     	;# 
   800  088D                     	;# 
   801  088E                     	;# 
   802  088F                     	;# 
   803  0890                     	;# 
   804  0891                     	;# 
   805  0892                     	;# 
   806  0893                     	;# 
   807  0895                     	;# 
   808  0896                     	;# 
   809  090C                     	;# 
   810  090E                     	;# 
   811  090F                     	;# 
   812  091F                     	;# 
   813  098F                     	;# 
   814  098F                     	;# 
   815  0990                     	;# 
   816  0991                     	;# 
   817  0992                     	;# 
   818  0993                     	;# 
   819  0994                     	;# 
   820  0995                     	;# 
   821  0996                     	;# 
   822  0997                     	;# 
   823  1E0F                     	;# 
   824  1E10                     	;# 
   825  1E11                     	;# 
   826  1E12                     	;# 
   827  1E13                     	;# 
   828  1E14                     	;# 
   829  1E15                     	;# 
   830  1E16                     	;# 
   831  1E17                     	;# 
   832  1E18                     	;# 
   833  1E19                     	;# 
   834  1E1A                     	;# 
   835  1E1B                     	;# 
   836  1E1C                     	;# 
   837  1E1D                     	;# 
   838  1E1E                     	;# 
   839  1E1F                     	;# 
   840  1E20                     	;# 
   841  1E21                     	;# 
   842  1E22                     	;# 
   843  1E23                     	;# 
   844  1E24                     	;# 
   845  1E25                     	;# 
   846  1E26                     	;# 
   847  1E27                     	;# 
   848  1E28                     	;# 
   849  1E29                     	;# 
   850  1E2A                     	;# 
   851  1E2B                     	;# 
   852  1E2C                     	;# 
   853  1E2D                     	;# 
   854  1E2E                     	;# 
   855  1E2F                     	;# 
   856  1E30                     	;# 
   857  1E31                     	;# 
   858  1E32                     	;# 
   859  1E33                     	;# 
   860  1E34                     	;# 
   861  1E35                     	;# 
   862  1E36                     	;# 
   863  1E37                     	;# 
   864  1E8F                     	;# 
   865  1E90                     	;# 
   866  1E91                     	;# 
   867  1E92                     	;# 
   868  1E93                     	;# 
   869  1E9C                     	;# 
   870  1EA1                     	;# 
   871  1EA2                     	;# 
   872  1EB1                     	;# 
   873  1EBB                     	;# 
   874  1EBC                     	;# 
   875  1EBD                     	;# 
   876  1EBE                     	;# 
   877  1EC3                     	;# 
   878  1EC5                     	;# 
   879  1EC6                     	;# 
   880  1EC7                     	;# 
   881  1ECB                     	;# 
   882  1ECC                     	;# 
   883  1F10                     	;# 
   884  1F11                     	;# 
   885  1F12                     	;# 
   886  1F13                     	;# 
   887  1F14                     	;# 
   888  1F15                     	;# 
   889  1F20                     	;# 
   890  1F21                     	;# 
   891  1F22                     	;# 
   892  1F23                     	;# 
   893  1F24                     	;# 
   894  1F25                     	;# 
   895  1F38                     	;# 
   896  1F39                     	;# 
   897  1F3A                     	;# 
   898  1F3B                     	;# 
   899  1F3C                     	;# 
   900  1F3D                     	;# 
   901  1F3E                     	;# 
   902  1F3F                     	;# 
   903  1F4E                     	;# 
   904  1F4F                     	;# 
   905  1F50                     	;# 
   906  1F51                     	;# 
   907  1F52                     	;# 
   908  1F53                     	;# 
   909  1F54                     	;# 
   910  1F55                     	;# 
   911  1FE4                     	;# 
   912  1FE5                     	;# 
   913  1FE6                     	;# 
   914  1FE7                     	;# 
   915  1FE8                     	;# 
   916  1FE8                     	;# 
   917  1FE9                     	;# 
   918  1FEA                     	;# 
   919  1FEA                     	;# 
   920  1FEB                     	;# 
   921  1FED                     	;# 
   922  1FEE                     	;# 
   923  1FEF                     	;# 
   924  0000                     	;# 
   925  0001                     	;# 
   926  0002                     	;# 
   927  0003                     	;# 
   928  0004                     	;# 
   929  0005                     	;# 
   930  0006                     	;# 
   931  0007                     	;# 
   932  0008                     	;# 
   933  0009                     	;# 
   934  000A                     	;# 
   935  000B                     	;# 
   936  000C                     	;# 
   937  000E                     	;# 
   938  0012                     	;# 
   939  0014                     	;# 
   940  0018                     	;# 
   941  001A                     	;# 
   942  009B                     	;# 
   943  009B                     	;# 
   944  009C                     	;# 
   945  009D                     	;# 
   946  009E                     	;# 
   947  009F                     	;# 
   948  0119                     	;# 
   949  0119                     	;# 
   950  0119                     	;# 
   951  011A                     	;# 
   952  011A                     	;# 
   953  011A                     	;# 
   954  011B                     	;# 
   955  011B                     	;# 
   956  011B                     	;# 
   957  011B                     	;# 
   958  011B                     	;# 
   959  011C                     	;# 
   960  011C                     	;# 
   961  011C                     	;# 
   962  011D                     	;# 
   963  011D                     	;# 
   964  011D                     	;# 
   965  011E                     	;# 
   966  011E                     	;# 
   967  011E                     	;# 
   968  011F                     	;# 
   969  011F                     	;# 
   970  011F                     	;# 
   971  011F                     	;# 
   972  011F                     	;# 
   973  018C                     	;# 
   974  018D                     	;# 
   975  018E                     	;# 
   976  018F                     	;# 
   977  0190                     	;# 
   978  0191                     	;# 
   979  0192                     	;# 
   980  020C                     	;# 
   981  020C                     	;# 
   982  020D                     	;# 
   983  020E                     	;# 
   984  020F                     	;# 
   985  020F                     	;# 
   986  0210                     	;# 
   987  0210                     	;# 
   988  0211                     	;# 
   989  0211                     	;# 
   990  028C                     	;# 
   991  028C                     	;# 
   992  028D                     	;# 
   993  028D                     	;# 
   994  028E                     	;# 
   995  028F                     	;# 
   996  0290                     	;# 
   997  0291                     	;# 
   998  030C                     	;# 
   999  030C                     	;# 
  1000  030D                     	;# 
  1001  030E                     	;# 
  1002  030F                     	;# 
  1003  0310                     	;# 
  1004  0310                     	;# 
  1005  0311                     	;# 
  1006  0312                     	;# 
  1007  0313                     	;# 
  1008  0314                     	;# 
  1009  0314                     	;# 
  1010  0315                     	;# 
  1011  0316                     	;# 
  1012  0318                     	;# 
  1013  0318                     	;# 
  1014  0319                     	;# 
  1015  031A                     	;# 
  1016  031C                     	;# 
  1017  031C                     	;# 
  1018  031D                     	;# 
  1019  031E                     	;# 
  1020  038C                     	;# 
  1021  038C                     	;# 
  1022  038D                     	;# 
  1023  038E                     	;# 
  1024  058C                     	;# 
  1025  058C                     	;# 
  1026  058D                     	;# 
  1027  058E                     	;# 
  1028  058F                     	;# 
  1029  058F                     	;# 
  1030  0590                     	;# 
  1031  0591                     	;# 
  1032  0592                     	;# 
  1033  0593                     	;# 
  1034  059C                     	;# 
  1035  059C                     	;# 
  1036  059D                     	;# 
  1037  059D                     	;# 
  1038  059E                     	;# 
  1039  059F                     	;# 
  1040  060C                     	;# 
  1041  060D                     	;# 
  1042  060E                     	;# 
  1043  060F                     	;# 
  1044  0610                     	;# 
  1045  0611                     	;# 
  1046  0612                     	;# 
  1047  0613                     	;# 
  1048  0614                     	;# 
  1049  070C                     	;# 
  1050  070D                     	;# 
  1051  070E                     	;# 
  1052  070F                     	;# 
  1053  0710                     	;# 
  1054  0711                     	;# 
  1055  0712                     	;# 
  1056  0713                     	;# 
  1057  0716                     	;# 
  1058  0717                     	;# 
  1059  0718                     	;# 
  1060  0719                     	;# 
  1061  071A                     	;# 
  1062  071B                     	;# 
  1063  071C                     	;# 
  1064  071D                     	;# 
  1065  0796                     	;# 
  1066  0797                     	;# 
  1067  0798                     	;# 
  1068  0799                     	;# 
  1069  079A                     	;# 
  1070  079B                     	;# 
  1071  080C                     	;# 
  1072  080D                     	;# 
  1073  080E                     	;# 
  1074  080F                     	;# 
  1075  0810                     	;# 
  1076  0811                     	;# 
  1077  0812                     	;# 
  1078  0813                     	;# 
  1079  0814                     	;# 
  1080  081A                     	;# 
  1081  081A                     	;# 
  1082  081B                     	;# 
  1083  081C                     	;# 
  1084  081C                     	;# 
  1085  081D                     	;# 
  1086  081E                     	;# 
  1087  081F                     	;# 
  1088  088C                     	;# 
  1089  088D                     	;# 
  1090  088E                     	;# 
  1091  088F                     	;# 
  1092  0890                     	;# 
  1093  0891                     	;# 
  1094  0892                     	;# 
  1095  0893                     	;# 
  1096  0895                     	;# 
  1097  0896                     	;# 
  1098  090C                     	;# 
  1099  090E                     	;# 
  1100  090F                     	;# 
  1101  091F                     	;# 
  1102  098F                     	;# 
  1103  098F                     	;# 
  1104  0990                     	;# 
  1105  0991                     	;# 
  1106  0992                     	;# 
  1107  0993                     	;# 
  1108  0994                     	;# 
  1109  0995                     	;# 
  1110  0996                     	;# 
  1111  0997                     	;# 
  1112  1E0F                     	;# 
  1113  1E10                     	;# 
  1114  1E11                     	;# 
  1115  1E12                     	;# 
  1116  1E13                     	;# 
  1117  1E14                     	;# 
  1118  1E15                     	;# 
  1119  1E16                     	;# 
  1120  1E17                     	;# 
  1121  1E18                     	;# 
  1122  1E19                     	;# 
  1123  1E1A                     	;# 
  1124  1E1B                     	;# 
  1125  1E1C                     	;# 
  1126  1E1D                     	;# 
  1127  1E1E                     	;# 
  1128  1E1F                     	;# 
  1129  1E20                     	;# 
  1130  1E21                     	;# 
  1131  1E22                     	;# 
  1132  1E23                     	;# 
  1133  1E24                     	;# 
  1134  1E25                     	;# 
  1135  1E26                     	;# 
  1136  1E27                     	;# 
  1137  1E28                     	;# 
  1138  1E29                     	;# 
  1139  1E2A                     	;# 
  1140  1E2B                     	;# 
  1141  1E2C                     	;# 
  1142  1E2D                     	;# 
  1143  1E2E                     	;# 
  1144  1E2F                     	;# 
  1145  1E30                     	;# 
  1146  1E31                     	;# 
  1147  1E32                     	;# 
  1148  1E33                     	;# 
  1149  1E34                     	;# 
  1150  1E35                     	;# 
  1151  1E36                     	;# 
  1152  1E37                     	;# 
  1153  1E8F                     	;# 
  1154  1E90                     	;# 
  1155  1E91                     	;# 
  1156  1E92                     	;# 
  1157  1E93                     	;# 
  1158  1E9C                     	;# 
  1159  1EA1                     	;# 
  1160  1EA2                     	;# 
  1161  1EB1                     	;# 
  1162  1EBB                     	;# 
  1163  1EBC                     	;# 
  1164  1EBD                     	;# 
  1165  1EBE                     	;# 
  1166  1EC3                     	;# 
  1167  1EC5                     	;# 
  1168  1EC6                     	;# 
  1169  1EC7                     	;# 
  1170  1ECB                     	;# 
  1171  1ECC                     	;# 
  1172  1F10                     	;# 
  1173  1F11                     	;# 
  1174  1F12                     	;# 
  1175  1F13                     	;# 
  1176  1F14                     	;# 
  1177  1F15                     	;# 
  1178  1F20                     	;# 
  1179  1F21                     	;# 
  1180  1F22                     	;# 
  1181  1F23                     	;# 
  1182  1F24                     	;# 
  1183  1F25                     	;# 
  1184  1F38                     	;# 
  1185  1F39                     	;# 
  1186  1F3A                     	;# 
  1187  1F3B                     	;# 
  1188  1F3C                     	;# 
  1189  1F3D                     	;# 
  1190  1F3E                     	;# 
  1191  1F3F                     	;# 
  1192  1F4E                     	;# 
  1193  1F4F                     	;# 
  1194  1F50                     	;# 
  1195  1F51                     	;# 
  1196  1F52                     	;# 
  1197  1F53                     	;# 
  1198  1F54                     	;# 
  1199  1F55                     	;# 
  1200  1FE4                     	;# 
  1201  1FE5                     	;# 
  1202  1FE6                     	;# 
  1203  1FE7                     	;# 
  1204  1FE8                     	;# 
  1205  1FE8                     	;# 
  1206  1FE9                     	;# 
  1207  1FEA                     	;# 
  1208  1FEA                     	;# 
  1209  1FEB                     	;# 
  1210  1FED                     	;# 
  1211  1FEE                     	;# 
  1212  1FEF                     	;# 
  1213  000E                     _PORTC	set	14
  1214  000C                     _PORTA	set	12
  1215  0018                     _LATAbits	set	24
  1216  001A                     _LATCbits	set	26
  1217  0014                     _TRISC	set	20
  1218  0012                     _TRISA	set	18
  1219  001A                     _LATC	set	26
  1220  0018                     _LATA	set	24
  1221  009D                     _ADCON0bits	set	157
  1222  009D                     _ADCON0	set	157
  1223  009C                     _ADRESH	set	156
  1224  009B                     _ADRESL	set	155
  1225  009F                     _ADACT	set	159
  1226  009E                     _ADCON1	set	158
  1227  079B                     _PMD5	set	1947
  1228  079A                     _PMD4	set	1946
  1229  0799                     _PMD3	set	1945
  1230  0798                     _PMD2	set	1944
  1231  0797                     _PMD1	set	1943
  1232  0796                     _PMD0	set	1942
  1233  0892                     _OSCTUNE	set	2194
  1234  0890                     _OSCSTAT	set	2192
  1235  0893                     _OSCFRQ	set	2195
  1236  0891                     _OSCEN	set	2193
  1237  088F                     _OSCCON3	set	2191
  1238  088D                     _OSCCON1	set	2189
  1239  1EC3                     _ADACTPPS	set	7875
  1240  1F52                     _INLVLC	set	8018
  1241  1F3C                     _INLVLA	set	7996
  1242  1F51                     _SLRCONC	set	8017
  1243  1F3B                     _SLRCONA	set	7995
  1244  1F50                     _ODCONC	set	8016
  1245  1F3A                     _ODCONA	set	7994
  1246  1F4F                     _WPUC	set	8015
  1247  1F39                     _WPUA	set	7993
  1248  1F38                     _ANSELA	set	7992
  1249  1F4E                     _ANSELC	set	8014
  1250                           
  1251                           	psect	cinit
  1252  07FB                     start_initialization:	
  1253                           ; #config settings
  1254                           
  1255  07FB                     __initialization:
  1256                           
  1257                           ; Clear objects allocated to BANK0
  1258  07FB  0140               	movlb	0	; select bank0
  1259  07FC  01A0               	clrf	__pbssBANK0& (0+127)
  1260  07FD  01A1               	clrf	(__pbssBANK0+1)& (0+127)
  1261  07FE                     end_of_initialization:	
  1262                           ;End of C runtime variable initialization code
  1263                           
  1264  07FE                     __end_of__initialization:
  1265  07FE  0140               	movlb	0
  1266  07FF  2F49               	ljmp	_main	;jump to C main() function
  1267                           
  1268                           	psect	bssBANK0
  1269  0020                     __pbssBANK0:
  1270  0020                     _ADC_InterruptHandler:
  1271  0020                     	ds	2
  1272                           
  1273                           	psect	cstackCOMMON
  1274  0070                     __pcstackCOMMON:
  1275  0070                     ?_PMD_Initialize:
  1276  0070                     ??_PMD_Initialize:	
  1277                           ; 1 bytes @ 0x0
  1278                           
  1279  0070                     ?_PIN_MANAGER_Initialize:	
  1280                           ; 1 bytes @ 0x0
  1281                           
  1282  0070                     ??_PIN_MANAGER_Initialize:	
  1283                           ; 1 bytes @ 0x0
  1284                           
  1285  0070                     ?_OSCILLATOR_Initialize:	
  1286                           ; 1 bytes @ 0x0
  1287                           
  1288  0070                     ??_OSCILLATOR_Initialize:	
  1289                           ; 1 bytes @ 0x0
  1290                           
  1291  0070                     ?_ADC_Initialize:	
  1292                           ; 1 bytes @ 0x0
  1293                           
  1294  0070                     ??_ADC_Initialize:	
  1295                           ; 1 bytes @ 0x0
  1296                           
  1297  0070                     ?_SYSTEM_Initialize:	
  1298                           ; 1 bytes @ 0x0
  1299                           
  1300  0070                     ??_SYSTEM_Initialize:	
  1301                           ; 1 bytes @ 0x0
  1302                           
  1303  0070                     ?_ADC_SelectChannel:	
  1304                           ; 1 bytes @ 0x0
  1305                           
  1306  0070                     ??_ADC_SelectChannel:	
  1307                           ; 1 bytes @ 0x0
  1308                           
  1309  0070                     ?_ADC_StartConversion:	
  1310                           ; 1 bytes @ 0x0
  1311                           
  1312  0070                     ??_ADC_StartConversion:	
  1313                           ; 1 bytes @ 0x0
  1314                           
  1315  0070                     ?_ADC_IsConversionDone:	
  1316                           ; 1 bytes @ 0x0
  1317                           
  1318  0070                     ??_ADC_IsConversionDone:	
  1319                           ; 1 bytes @ 0x0
  1320                           
  1321  0070                     ?_main:	
  1322                           ; 1 bytes @ 0x0
  1323                           
  1324  0070                     ?_ADC_GetConversionResult:	
  1325                           ; 1 bytes @ 0x0
  1326                           
  1327  0070                     ?___lwdiv:	
  1328                           ; 2 bytes @ 0x0
  1329                           
  1330  0070                     ___lwdiv@divisor:	
  1331                           ; 2 bytes @ 0x0
  1332                           
  1333                           
  1334                           ; 2 bytes @ 0x0
  1335  0070                     	ds	1
  1336  0071                     ADC_SelectChannel@channel:
  1337                           
  1338                           ; 1 bytes @ 0x1
  1339  0071                     	ds	1
  1340  0072                     ??_ADC_GetConversionResult:
  1341  0072                     ___lwdiv@dividend:	
  1342                           ; 1 bytes @ 0x2
  1343                           
  1344                           
  1345                           ; 2 bytes @ 0x2
  1346  0072                     	ds	2
  1347  0074                     ??___lwdiv:
  1348                           
  1349                           ; 1 bytes @ 0x4
  1350  0074                     	ds	1
  1351  0075                     ___lwdiv@quotient:
  1352                           
  1353                           ; 2 bytes @ 0x5
  1354  0075                     	ds	2
  1355  0077                     ___lwdiv@counter:
  1356                           
  1357                           ; 1 bytes @ 0x7
  1358  0077                     	ds	1
  1359  0078                     ??_main:
  1360                           
  1361                           ; 1 bytes @ 0x8
  1362  0078                     	ds	2
  1363  007A                     main@convertedValue:
  1364                           
  1365                           ; 2 bytes @ 0xA
  1366  007A                     	ds	2
  1367  007C                     main@count:
  1368                           
  1369                           ; 1 bytes @ 0xC
  1370  007C                     	ds	1
  1371                           
  1372                           	psect	maintext
  1373  0749                     __pmaintext:	
  1374 ;;
  1375 ;;Main: autosize = 0, tempsize = 2, incstack = 0, save=0
  1376 ;;
  1377 ;; *************** function _main *****************
  1378 ;; Defined at:
  1379 ;;		line 49 in file "main.c"
  1380 ;; Parameters:    Size  Location     Type
  1381 ;;		None
  1382 ;; Auto vars:     Size  Location     Type
  1383 ;;  convertedVal    2   10[COMMON] unsigned short 
  1384 ;;  count           1   12[COMMON] unsigned char 
  1385 ;; Return value:  Size  Location     Type
  1386 ;;                  1    wreg      void 
  1387 ;; Registers used:
  1388 ;;		wreg, fsr0l, fsr0h, status,2, status,0, pclath, cstack
  1389 ;; Tracked objects:
  1390 ;;		On entry : B3F/0
  1391 ;;		On exit  : 0/0
  1392 ;;		Unchanged: 0/0
  1393 ;; Data sizes:     COMMON   BANK0   BANK1   BANK2
  1394 ;;      Params:         0       0       0       0
  1395 ;;      Locals:         3       0       0       0
  1396 ;;      Temps:          2       0       0       0
  1397 ;;      Totals:         5       0       0       0
  1398 ;;Total ram usage:        5 bytes
  1399 ;; Hardware stack levels required when called: 2
  1400 ;; This function calls:
  1401 ;;		_ADC_GetConversionResult
  1402 ;;		_ADC_IsConversionDone
  1403 ;;		_ADC_SelectChannel
  1404 ;;		_ADC_StartConversion
  1405 ;;		_SYSTEM_Initialize
  1406 ;;		___lwdiv
  1407 ;; This function is called by:
  1408 ;;		Startup code after reset
  1409 ;; This function uses a non-reentrant model
  1410 ;;
  1411                           
  1412  0749                     _main:	
  1413                           ;psect for function _main
  1414                           
  1415  0749                     l949:	
  1416                           ;incstack = 0
  1417                           ; Regs used in _main: [wreg-fsr0h+status,2+status,0+pclath+cstack]
  1418                           
  1419                           
  1420                           ;main.c: 51:     uint8_t count;;main.c: 52:     uint16_t convertedValue;;main.c: 55:    
      +                           SYSTEM_Initialize();
  1421  0749  3186  26E4  3187   	fcall	_SYSTEM_Initialize
  1422  074C                     l951:
  1423  074C  0140               	movlb	0	; select bank0
  1424  074D  101A               	bcf	26,0	;volatile
  1425  074E                     l953:
  1426  074E  149A               	bsf	26,1	;volatile
  1427  074F                     l955:
  1428  074F  111A               	bcf	26,2	;volatile
  1429  0750                     l957:
  1430  0750  159A               	bsf	26,3	;volatile
  1431  0751                     l959:
  1432  0751  121A               	bcf	26,4	;volatile
  1433  0752                     l961:
  1434  0752  169A               	bsf	26,5	;volatile
  1435  0753                     l963:
  1436  0753  1118               	bcf	24,2	;volatile
  1437  0754                     l965:
  1438  0754  1618               	bsf	24,4	;volatile
  1439  0755                     l967:
  1440                           
  1441                           ;main.c: 79:         _delay((unsigned long)((500)*(8000000/4000.0)));
  1442  0755  3006               	movlw	6
  1443  0756  00F9               	movwf	??_main+1
  1444  0757  3013               	movlw	19
  1445  0758  00F8               	movwf	??_main
  1446  0759  30AE               	movlw	174
  1447  075A                     u207:
  1448  075A  0B89               	decfsz	9,f
  1449  075B  2F5A               	goto	u207
  1450  075C  0BF8               	decfsz	??_main,f
  1451  075D  2F5A               	goto	u207
  1452  075E  0BF9               	decfsz	??_main+1,f
  1453  075F  2F5A               	goto	u207
  1454  0760                     l969:
  1455  0760  0140               	movlb	0	; select bank0
  1456  0761  141A               	bsf	26,0	;volatile
  1457  0762                     l971:
  1458  0762  109A               	bcf	26,1	;volatile
  1459  0763                     l973:
  1460  0763  151A               	bsf	26,2	;volatile
  1461  0764                     l975:
  1462  0764  119A               	bcf	26,3	;volatile
  1463  0765                     l977:
  1464  0765  161A               	bsf	26,4	;volatile
  1465  0766                     l979:
  1466  0766  129A               	bcf	26,5	;volatile
  1467  0767                     l981:
  1468  0767  1518               	bsf	24,2	;volatile
  1469  0768                     l983:
  1470  0768  1218               	bcf	24,4	;volatile
  1471  0769                     l985:
  1472                           
  1473                           ;main.c: 88:         _delay((unsigned long)((500)*(8000000/4000.0)));
  1474  0769  3006               	movlw	6
  1475  076A  00F9               	movwf	??_main+1
  1476  076B  3013               	movlw	19
  1477  076C  00F8               	movwf	??_main
  1478  076D  30AE               	movlw	174
  1479  076E                     u217:
  1480  076E  0B89               	decfsz	9,f
  1481  076F  2F6E               	goto	u217
  1482  0770  0BF8               	decfsz	??_main,f
  1483  0771  2F6E               	goto	u217
  1484  0772  0BF9               	decfsz	??_main+1,f
  1485  0773  2F6E               	goto	u217
  1486                           
  1487                           ;main.c: 90:         ADC_SelectChannel(5);
  1488  0774  3005               	movlw	5
  1489  0775  3186  26D7  3187   	fcall	_ADC_SelectChannel
  1490  0778                     l987:
  1491                           
  1492                           ;main.c: 93:     {;main.c: 95:         ADC_StartConversion();
  1493  0778  3186  26AC  3187   	fcall	_ADC_StartConversion
  1494  077B                     l989:	
  1495                           ;main.c: 96:         while(ADC_IsConversionDone());
  1496                           
  1497  077B  3186  26B5  3187   	fcall	_ADC_IsConversionDone
  1498  077E  3A00               	xorlw	0
  1499  077F  1D03               	skipz
  1500  0780  2F82               	goto	u181
  1501  0781  2F83               	goto	u180
  1502  0782                     u181:
  1503  0782  2F7B               	goto	l989
  1504  0783                     u180:
  1505  0783                     l991:
  1506                           
  1507                           ;main.c: 97:         convertedValue = ADC_GetConversionResult();
  1508  0783  3186  26AF  3187   	fcall	_ADC_GetConversionResult
  1509  0786  0871               	movf	?_ADC_GetConversionResult+1,w
  1510  0787  00FB               	movwf	main@convertedValue+1
  1511  0788  0870               	movf	?_ADC_GetConversionResult,w
  1512  0789  00FA               	movwf	main@convertedValue
  1513  078A                     l993:
  1514                           
  1515                           ;main.c: 98:         count = convertedValue / 20;
  1516  078A  3014               	movlw	20
  1517  078B  00F0               	movwf	___lwdiv@divisor
  1518  078C  3000               	movlw	0
  1519  078D  00F1               	movwf	___lwdiv@divisor+1
  1520  078E  087B               	movf	main@convertedValue+1,w
  1521  078F  00F3               	movwf	___lwdiv@dividend+1
  1522  0790  087A               	movf	main@convertedValue,w
  1523  0791  00F2               	movwf	___lwdiv@dividend
  1524  0792  3187  270D  3187   	fcall	___lwdiv
  1525  0795  0870               	movf	?___lwdiv,w
  1526  0796  00F8               	movwf	??_main
  1527  0797  0878               	movf	??_main,w
  1528  0798  00FC               	movwf	main@count
  1529  0799                     l995:
  1530                           
  1531                           ;main.c: 100:         if (count > 8)
  1532  0799  3009               	movlw	9
  1533  079A  027C               	subwf	main@count,w
  1534  079B  1C03               	skipc
  1535  079C  2F9E               	goto	u191
  1536  079D  2F9F               	goto	u190
  1537  079E                     u191:
  1538  079E  2FD5               	goto	l1025
  1539  079F                     u190:
  1540  079F                     l997:
  1541                           
  1542                           ;main.c: 101:         count = 8;
  1543  079F  3008               	movlw	8
  1544  07A0  00F8               	movwf	??_main
  1545  07A1  0878               	movf	??_main,w
  1546  07A2  00FC               	movwf	main@count
  1547  07A3  2FD5               	goto	l1025
  1548  07A4                     l999:
  1549                           
  1550                           ;main.c: 106:  {PORTA=0b00010100;
  1551  07A4  3014               	movlw	20
  1552  07A5  0140               	movlb	0	; select bank0
  1553  07A6  008C               	movwf	12	;volatile
  1554                           
  1555                           ;main.c: 107:   PORTC=0b00111111;
  1556  07A7  303F               	movlw	63
  1557  07A8  008E               	movwf	14	;volatile
  1558                           
  1559                           ;main.c: 108:   break;}
  1560  07A9  2F78               	goto	l987
  1561  07AA                     l1001:
  1562                           
  1563                           ;main.c: 110:  {PORTA=0b00010100;
  1564  07AA  3014               	movlw	20
  1565  07AB  0140               	movlb	0	; select bank0
  1566  07AC  008C               	movwf	12	;volatile
  1567                           
  1568                           ;main.c: 111:   PORTC=0b00111110;
  1569  07AD  303E               	movlw	62
  1570  07AE  008E               	movwf	14	;volatile
  1571                           
  1572                           ;main.c: 112:   break;}
  1573  07AF  2F78               	goto	l987
  1574  07B0                     l1003:
  1575                           
  1576                           ;main.c: 114:  {PORTA=0b00010100;
  1577  07B0  3014               	movlw	20
  1578  07B1  0140               	movlb	0	; select bank0
  1579  07B2  008C               	movwf	12	;volatile
  1580                           
  1581                           ;main.c: 115:   PORTC=0b00111100;
  1582  07B3  303C               	movlw	60
  1583  07B4  008E               	movwf	14	;volatile
  1584                           
  1585                           ;main.c: 116:   break;}
  1586  07B5  2F78               	goto	l987
  1587  07B6                     l1005:
  1588                           
  1589                           ;main.c: 118:  {PORTA=0b00010100;
  1590  07B6  3014               	movlw	20
  1591  07B7  0140               	movlb	0	; select bank0
  1592  07B8  008C               	movwf	12	;volatile
  1593                           
  1594                           ;main.c: 119:   PORTC=0b00111000;
  1595  07B9  3038               	movlw	56
  1596  07BA  008E               	movwf	14	;volatile
  1597                           
  1598                           ;main.c: 120:   break;}
  1599  07BB  2F78               	goto	l987
  1600  07BC                     l1007:
  1601                           
  1602                           ;main.c: 122:  {PORTA=0b00010100;
  1603  07BC  3014               	movlw	20
  1604  07BD  0140               	movlb	0	; select bank0
  1605  07BE  008C               	movwf	12	;volatile
  1606                           
  1607                           ;main.c: 123:   PORTC=0b00110000;
  1608  07BF  3030               	movlw	48
  1609  07C0  008E               	movwf	14	;volatile
  1610                           
  1611                           ;main.c: 124:   break;}
  1612  07C1  2F78               	goto	l987
  1613  07C2                     l1009:
  1614                           
  1615                           ;main.c: 126:  {PORTA=0b00010100;
  1616  07C2  3014               	movlw	20
  1617  07C3  0140               	movlb	0	; select bank0
  1618  07C4  008C               	movwf	12	;volatile
  1619                           
  1620                           ;main.c: 127:   PORTC=0b00100000;
  1621  07C5  3020               	movlw	32
  1622  07C6  008E               	movwf	14	;volatile
  1623                           
  1624                           ;main.c: 128:   break;}
  1625  07C7  2F78               	goto	l987
  1626  07C8                     l1011:
  1627                           
  1628                           ;main.c: 130:  {PORTA=0b00010100;
  1629  07C8  3014               	movlw	20
  1630  07C9  0140               	movlb	0	; select bank0
  1631  07CA  008C               	movwf	12	;volatile
  1632  07CB                     l1013:
  1633                           
  1634                           ;main.c: 131:   PORTC=0b00000000;
  1635  07CB  018E               	clrf	14	;volatile
  1636                           
  1637                           ;main.c: 132:   break;}
  1638  07CC  2F78               	goto	l987
  1639  07CD                     l1015:
  1640                           
  1641                           ;main.c: 134:  {PORTA=0b00010000;
  1642  07CD  3010               	movlw	16
  1643  07CE  0140               	movlb	0	; select bank0
  1644  07CF  008C               	movwf	12	;volatile
  1645  07D0  2FCB               	goto	l1013
  1646  07D1                     l1019:
  1647                           
  1648                           ;main.c: 138:  {PORTA=0b00000000;
  1649  07D1  0140               	movlb	0	; select bank0
  1650  07D2  018C               	clrf	12	;volatile
  1651                           
  1652                           ;main.c: 139:   PORTC=0b00000000;
  1653  07D3  018E               	clrf	14	;volatile
  1654                           
  1655                           ;main.c: 140:   break;}
  1656  07D4  2F78               	goto	l987
  1657  07D5                     l1025:
  1658  07D5  087C               	movf	main@count,w
  1659  07D6  00F8               	movwf	??_main
  1660  07D7  01F9               	clrf	??_main+1
  1661                           
  1662                           ; Switch on 2 bytes has been partitioned into a top level switch of size 1, and 1 sub-sw
      +                          itches
  1663                           ; Switch size 1, requested type "simple"
  1664                           ; Number of cases is 1, Range of values is 0 to 0
  1665                           ; switch strategies available:
  1666                           ; Name         Instructions Cycles
  1667                           ; simple_byte            4     3 (average)
  1668                           ; direct_byte            8     6 (fixed)
  1669                           ; jumptable            260     6 (fixed)
  1670                           ;	Chosen strategy is simple_byte
  1671  07D8  0879               	movf	??_main+1,w
  1672  07D9  3A00               	xorlw	0	; case 0
  1673  07DA  1903               	skipnz
  1674  07DB  2FDD               	goto	l1051
  1675  07DC  2FA4               	goto	l999
  1676  07DD                     l1051:
  1677                           
  1678                           ; Switch size 1, requested type "simple"
  1679                           ; Number of cases is 9, Range of values is 0 to 8
  1680                           ; switch strategies available:
  1681                           ; Name         Instructions Cycles
  1682                           ; direct_byte           24     6 (fixed)
  1683                           ; simple_byte           28    15 (average)
  1684                           ; jumptable            260     6 (fixed)
  1685                           ;	Chosen strategy is simple_byte
  1686  07DD  0878               	movf	??_main,w
  1687  07DE  3A00               	xorlw	0	; case 0
  1688  07DF  1903               	skipnz
  1689  07E0  2FA4               	goto	l999
  1690  07E1  3A01               	xorlw	1	; case 1
  1691  07E2  1903               	skipnz
  1692  07E3  2FAA               	goto	l1001
  1693  07E4  3A03               	xorlw	3	; case 2
  1694  07E5  1903               	skipnz
  1695  07E6  2FB0               	goto	l1003
  1696  07E7  3A01               	xorlw	1	; case 3
  1697  07E8  1903               	skipnz
  1698  07E9  2FB6               	goto	l1005
  1699  07EA  3A07               	xorlw	7	; case 4
  1700  07EB  1903               	skipnz
  1701  07EC  2FBC               	goto	l1007
  1702  07ED  3A01               	xorlw	1	; case 5
  1703  07EE  1903               	skipnz
  1704  07EF  2FC2               	goto	l1009
  1705  07F0  3A03               	xorlw	3	; case 6
  1706  07F1  1903               	skipnz
  1707  07F2  2FC8               	goto	l1011
  1708  07F3  3A01               	xorlw	1	; case 7
  1709  07F4  1903               	skipnz
  1710  07F5  2FCD               	goto	l1015
  1711  07F6  3A0F               	xorlw	15	; case 8
  1712  07F7  1903               	skipnz
  1713  07F8  2FD1               	goto	l1019
  1714  07F9  2FA4               	goto	l999
  1715  07FA  2801               	ljmp	start
  1716  07FB                     __end_of_main:
  1717                           
  1718                           	psect	text1
  1719  070D                     __ptext1:	
  1720 ;; *************** function ___lwdiv *****************
  1721 ;; Defined at:
  1722 ;;		line 5 in file "C:\Program Files\Microchip\xc8\v2.36\pic\sources\c99\common\lwdiv.c"
  1723 ;; Parameters:    Size  Location     Type
  1724 ;;  divisor         2    0[COMMON] unsigned int 
  1725 ;;  dividend        2    2[COMMON] unsigned int 
  1726 ;; Auto vars:     Size  Location     Type
  1727 ;;  quotient        2    5[COMMON] unsigned int 
  1728 ;;  counter         1    7[COMMON] unsigned char 
  1729 ;; Return value:  Size  Location     Type
  1730 ;;                  2    0[COMMON] unsigned int 
  1731 ;; Registers used:
  1732 ;;		wreg, status,2, status,0
  1733 ;; Tracked objects:
  1734 ;;		On entry : 0/0
  1735 ;;		On exit  : 0/0
  1736 ;;		Unchanged: 0/0
  1737 ;; Data sizes:     COMMON   BANK0   BANK1   BANK2
  1738 ;;      Params:         4       0       0       0
  1739 ;;      Locals:         3       0       0       0
  1740 ;;      Temps:          1       0       0       0
  1741 ;;      Totals:         8       0       0       0
  1742 ;;Total ram usage:        8 bytes
  1743 ;; Hardware stack levels used: 1
  1744 ;; This function calls:
  1745 ;;		Nothing
  1746 ;; This function is called by:
  1747 ;;		_main
  1748 ;; This function uses a non-reentrant model
  1749 ;;
  1750                           
  1751  070D                     ___lwdiv:	
  1752                           ;psect for function ___lwdiv
  1753                           
  1754  070D                     l923:	
  1755                           ;incstack = 0
  1756                           ; Regs used in ___lwdiv: [wreg+status,2+status,0]
  1757                           
  1758  070D  01F5               	clrf	___lwdiv@quotient
  1759  070E  01F6               	clrf	___lwdiv@quotient+1
  1760  070F                     l925:
  1761  070F  0870               	movf	___lwdiv@divisor,w
  1762  0710  0471               	iorwf	___lwdiv@divisor+1,w
  1763  0711  1903               	btfsc	3,2
  1764  0712  2F14               	goto	u111
  1765  0713  2F15               	goto	u110
  1766  0714                     u111:
  1767  0714  2F44               	goto	l945
  1768  0715                     u110:
  1769  0715                     l927:
  1770  0715  01F7               	clrf	___lwdiv@counter
  1771  0716  0AF7               	incf	___lwdiv@counter,f
  1772  0717  2F21               	goto	l933
  1773  0718                     l929:
  1774  0718  3001               	movlw	1
  1775  0719                     u125:
  1776  0719  35F0               	lslf	___lwdiv@divisor,f
  1777  071A  0DF1               	rlf	___lwdiv@divisor+1,f
  1778  071B  0B89               	decfsz	9,f
  1779  071C  2F19               	goto	u125
  1780  071D                     l931:
  1781  071D  3001               	movlw	1
  1782  071E  00F4               	movwf	??___lwdiv
  1783  071F  0874               	movf	??___lwdiv,w
  1784  0720  07F7               	addwf	___lwdiv@counter,f
  1785  0721                     l933:
  1786  0721  1FF1               	btfss	___lwdiv@divisor+1,7
  1787  0722  2F24               	goto	u131
  1788  0723  2F25               	goto	u130
  1789  0724                     u131:
  1790  0724  2F18               	goto	l929
  1791  0725                     u130:
  1792  0725                     l935:
  1793  0725  3001               	movlw	1
  1794  0726                     u145:
  1795  0726  35F5               	lslf	___lwdiv@quotient,f
  1796  0727  0DF6               	rlf	___lwdiv@quotient+1,f
  1797  0728  0B89               	decfsz	9,f
  1798  0729  2F26               	goto	u145
  1799  072A  0871               	movf	___lwdiv@divisor+1,w
  1800  072B  0273               	subwf	___lwdiv@dividend+1,w
  1801  072C  1D03               	skipz
  1802  072D  2F30               	goto	u155
  1803  072E  0870               	movf	___lwdiv@divisor,w
  1804  072F  0272               	subwf	___lwdiv@dividend,w
  1805  0730                     u155:
  1806  0730  1C03               	skipc
  1807  0731  2F33               	goto	u151
  1808  0732  2F34               	goto	u150
  1809  0733                     u151:
  1810  0733  2F39               	goto	l941
  1811  0734                     u150:
  1812  0734                     l937:
  1813  0734  0870               	movf	___lwdiv@divisor,w
  1814  0735  02F2               	subwf	___lwdiv@dividend,f
  1815  0736  0871               	movf	___lwdiv@divisor+1,w
  1816  0737  3BF3               	subwfb	___lwdiv@dividend+1,f
  1817  0738                     l939:
  1818  0738  1475               	bsf	___lwdiv@quotient,0
  1819  0739                     l941:
  1820  0739  3001               	movlw	1
  1821  073A                     u165:
  1822  073A  36F1               	lsrf	___lwdiv@divisor+1,f
  1823  073B  0CF0               	rrf	___lwdiv@divisor,f
  1824  073C  0B89               	decfsz	9,f
  1825  073D  2F3A               	goto	u165
  1826  073E                     l943:
  1827  073E  3001               	movlw	1
  1828  073F  02F7               	subwf	___lwdiv@counter,f
  1829  0740  1D03               	btfss	3,2
  1830  0741  2F43               	goto	u171
  1831  0742  2F44               	goto	u170
  1832  0743                     u171:
  1833  0743  2F25               	goto	l935
  1834  0744                     u170:
  1835  0744                     l945:
  1836  0744  0876               	movf	___lwdiv@quotient+1,w
  1837  0745  00F1               	movwf	?___lwdiv+1
  1838  0746  0875               	movf	___lwdiv@quotient,w
  1839  0747  00F0               	movwf	?___lwdiv
  1840  0748                     l541:
  1841  0748  0008               	return
  1842  0749                     __end_of___lwdiv:
  1843                           
  1844                           	psect	text2
  1845  06E4                     __ptext2:	
  1846 ;; *************** function _SYSTEM_Initialize *****************
  1847 ;; Defined at:
  1848 ;;		line 50 in file "mcc_generated_files/mcc.c"
  1849 ;; Parameters:    Size  Location     Type
  1850 ;;		None
  1851 ;; Auto vars:     Size  Location     Type
  1852 ;;		None
  1853 ;; Return value:  Size  Location     Type
  1854 ;;                  1    wreg      void 
  1855 ;; Registers used:
  1856 ;;		wreg, status,2, status,0, pclath, cstack
  1857 ;; Tracked objects:
  1858 ;;		On entry : 0/0
  1859 ;;		On exit  : 0/0
  1860 ;;		Unchanged: 0/0
  1861 ;; Data sizes:     COMMON   BANK0   BANK1   BANK2
  1862 ;;      Params:         0       0       0       0
  1863 ;;      Locals:         0       0       0       0
  1864 ;;      Temps:          0       0       0       0
  1865 ;;      Totals:         0       0       0       0
  1866 ;;Total ram usage:        0 bytes
  1867 ;; Hardware stack levels used: 1
  1868 ;; Hardware stack levels required when called: 1
  1869 ;; This function calls:
  1870 ;;		_ADC_Initialize
  1871 ;;		_OSCILLATOR_Initialize
  1872 ;;		_PIN_MANAGER_Initialize
  1873 ;;		_PMD_Initialize
  1874 ;; This function is called by:
  1875 ;;		_main
  1876 ;; This function uses a non-reentrant model
  1877 ;;
  1878                           
  1879  06E4                     _SYSTEM_Initialize:	
  1880                           ;psect for function _SYSTEM_Initialize
  1881                           
  1882  06E4                     l755:	
  1883                           ;incstack = 0
  1884                           ; Regs used in _SYSTEM_Initialize: [wreg+status,2+status,0+pclath+cstack]
  1885                           
  1886                           
  1887                           ;mcc_generated_files/mcc.c: 52:     PMD_Initialize();
  1888  06E4  3186  26BC  3186   	fcall	_PMD_Initialize
  1889  06E7                     l757:
  1890                           
  1891                           ;mcc_generated_files/mcc.c: 53:     PIN_MANAGER_Initialize();
  1892  06E7  3186  26F1  3186   	fcall	_PIN_MANAGER_Initialize
  1893  06EA                     l759:
  1894                           
  1895                           ;mcc_generated_files/mcc.c: 54:     OSCILLATOR_Initialize();
  1896  06EA  3186  26CD  3186   	fcall	_OSCILLATOR_Initialize
  1897  06ED                     l761:
  1898                           
  1899                           ;mcc_generated_files/mcc.c: 55:     ADC_Initialize();
  1900  06ED  3186  26C4  3186   	fcall	_ADC_Initialize
  1901  06F0                     l35:
  1902  06F0  0008               	return
  1903  06F1                     __end_of_SYSTEM_Initialize:
  1904                           
  1905                           	psect	text3
  1906  06BC                     __ptext3:	
  1907 ;; *************** function _PMD_Initialize *****************
  1908 ;; Defined at:
  1909 ;;		line 74 in file "mcc_generated_files/mcc.c"
  1910 ;; Parameters:    Size  Location     Type
  1911 ;;		None
  1912 ;; Auto vars:     Size  Location     Type
  1913 ;;		None
  1914 ;; Return value:  Size  Location     Type
  1915 ;;                  1    wreg      void 
  1916 ;; Registers used:
  1917 ;;		status,2
  1918 ;; Tracked objects:
  1919 ;;		On entry : 0/0
  1920 ;;		On exit  : 0/0
  1921 ;;		Unchanged: 0/0
  1922 ;; Data sizes:     COMMON   BANK0   BANK1   BANK2
  1923 ;;      Params:         0       0       0       0
  1924 ;;      Locals:         0       0       0       0
  1925 ;;      Temps:          0       0       0       0
  1926 ;;      Totals:         0       0       0       0
  1927 ;;Total ram usage:        0 bytes
  1928 ;; Hardware stack levels used: 1
  1929 ;; This function calls:
  1930 ;;		Nothing
  1931 ;; This function is called by:
  1932 ;;		_SYSTEM_Initialize
  1933 ;; This function uses a non-reentrant model
  1934 ;;
  1935                           
  1936  06BC                     _PMD_Initialize:	
  1937                           ;psect for function _PMD_Initialize
  1938                           
  1939  06BC                     l719:	
  1940                           ;incstack = 0
  1941                           ; Regs used in _PMD_Initialize: [status,2]
  1942                           
  1943                           
  1944                           ;mcc_generated_files/mcc.c: 77:     PMD0 = 0x00;
  1945  06BC  014F               	movlb	15	; select bank15
  1946  06BD  0196               	clrf	22	;volatile
  1947                           
  1948                           ;mcc_generated_files/mcc.c: 79:     PMD1 = 0x00;
  1949  06BE  0197               	clrf	23	;volatile
  1950                           
  1951                           ;mcc_generated_files/mcc.c: 81:     PMD2 = 0x00;
  1952  06BF  0198               	clrf	24	;volatile
  1953                           
  1954                           ;mcc_generated_files/mcc.c: 83:     PMD3 = 0x00;
  1955  06C0  0199               	clrf	25	;volatile
  1956                           
  1957                           ;mcc_generated_files/mcc.c: 85:     PMD4 = 0x00;
  1958  06C1  019A               	clrf	26	;volatile
  1959                           
  1960                           ;mcc_generated_files/mcc.c: 87:     PMD5 = 0x00;
  1961  06C2  019B               	clrf	27	;volatile
  1962  06C3                     l41:
  1963  06C3  0008               	return
  1964  06C4                     __end_of_PMD_Initialize:
  1965                           
  1966                           	psect	text4
  1967  06F1                     __ptext4:	
  1968 ;; *************** function _PIN_MANAGER_Initialize *****************
  1969 ;; Defined at:
  1970 ;;		line 55 in file "mcc_generated_files/pin_manager.c"
  1971 ;; Parameters:    Size  Location     Type
  1972 ;;		None
  1973 ;; Auto vars:     Size  Location     Type
  1974 ;;		None
  1975 ;; Return value:  Size  Location     Type
  1976 ;;                  1    wreg      void 
  1977 ;; Registers used:
  1978 ;;		wreg, status,2
  1979 ;; Tracked objects:
  1980 ;;		On entry : 0/0
  1981 ;;		On exit  : 0/0
  1982 ;;		Unchanged: 0/0
  1983 ;; Data sizes:     COMMON   BANK0   BANK1   BANK2
  1984 ;;      Params:         0       0       0       0
  1985 ;;      Locals:         0       0       0       0
  1986 ;;      Temps:          0       0       0       0
  1987 ;;      Totals:         0       0       0       0
  1988 ;;Total ram usage:        0 bytes
  1989 ;; Hardware stack levels used: 1
  1990 ;; This function calls:
  1991 ;;		Nothing
  1992 ;; This function is called by:
  1993 ;;		_SYSTEM_Initialize
  1994 ;; This function uses a non-reentrant model
  1995 ;;
  1996                           
  1997  06F1                     _PIN_MANAGER_Initialize:	
  1998                           ;psect for function _PIN_MANAGER_Initialize
  1999                           
  2000  06F1                     l721:	
  2001                           ;incstack = 0
  2002                           ; Regs used in _PIN_MANAGER_Initialize: [wreg+status,2]
  2003                           
  2004                           
  2005                           ;mcc_generated_files/pin_manager.c: 60:     LATA = 0x14;
  2006  06F1  3014               	movlw	20
  2007  06F2  0140               	movlb	0	; select bank0
  2008  06F3  0098               	movwf	24	;volatile
  2009                           
  2010                           ;mcc_generated_files/pin_manager.c: 61:     LATC = 0x3F;
  2011  06F4  303F               	movlw	63
  2012  06F5  009A               	movwf	26	;volatile
  2013                           
  2014                           ;mcc_generated_files/pin_manager.c: 66:     TRISA = 0x23;
  2015  06F6  3023               	movlw	35
  2016  06F7  0092               	movwf	18	;volatile
  2017  06F8                     l723:
  2018                           
  2019                           ;mcc_generated_files/pin_manager.c: 67:     TRISC = 0x00;
  2020  06F8  0194               	clrf	20	;volatile
  2021  06F9                     l725:
  2022                           
  2023                           ;mcc_generated_files/pin_manager.c: 72:     ANSELC = 0x00;
  2024  06F9  017E               	movlb	62	; select bank62
  2025  06FA  01CE               	clrf	78	;volatile
  2026                           
  2027                           ;mcc_generated_files/pin_manager.c: 73:     ANSELA = 0x23;
  2028  06FB  3023               	movlw	35
  2029  06FC  00B8               	movwf	56	;volatile
  2030  06FD                     l727:
  2031                           
  2032                           ;mcc_generated_files/pin_manager.c: 78:     WPUA = 0x00;
  2033  06FD  01B9               	clrf	57	;volatile
  2034  06FE                     l729:
  2035                           
  2036                           ;mcc_generated_files/pin_manager.c: 79:     WPUC = 0x00;
  2037  06FE  01CF               	clrf	79	;volatile
  2038  06FF                     l731:
  2039                           
  2040                           ;mcc_generated_files/pin_manager.c: 84:     ODCONA = 0x00;
  2041  06FF  01BA               	clrf	58	;volatile
  2042  0700                     l733:
  2043                           
  2044                           ;mcc_generated_files/pin_manager.c: 85:     ODCONC = 0x00;
  2045  0700  01D0               	clrf	80	;volatile
  2046                           
  2047                           ;mcc_generated_files/pin_manager.c: 90:     SLRCONA = 0x37;
  2048  0701  3037               	movlw	55
  2049  0702  00BB               	movwf	59	;volatile
  2050                           
  2051                           ;mcc_generated_files/pin_manager.c: 91:     SLRCONC = 0x3F;
  2052  0703  303F               	movlw	63
  2053  0704  00D1               	movwf	81	;volatile
  2054                           
  2055                           ;mcc_generated_files/pin_manager.c: 96:     INLVLA = 0x3F;
  2056  0705  303F               	movlw	63
  2057  0706  00BC               	movwf	60	;volatile
  2058                           
  2059                           ;mcc_generated_files/pin_manager.c: 97:     INLVLC = 0x3F;
  2060  0707  303F               	movlw	63
  2061  0708  00D2               	movwf	82	;volatile
  2062                           
  2063                           ;mcc_generated_files/pin_manager.c: 106:     ADACTPPS = 0x12;
  2064  0709  3012               	movlw	18
  2065  070A  017D               	movlb	61	; select bank61
  2066  070B  00C3               	movwf	67	;volatile
  2067  070C                     l74:
  2068  070C  0008               	return
  2069  070D                     __end_of_PIN_MANAGER_Initialize:
  2070                           
  2071                           	psect	text5
  2072  06CD                     __ptext5:	
  2073 ;; *************** function _OSCILLATOR_Initialize *****************
  2074 ;; Defined at:
  2075 ;;		line 58 in file "mcc_generated_files/mcc.c"
  2076 ;; Parameters:    Size  Location     Type
  2077 ;;		None
  2078 ;; Auto vars:     Size  Location     Type
  2079 ;;		None
  2080 ;; Return value:  Size  Location     Type
  2081 ;;                  1    wreg      void 
  2082 ;; Registers used:
  2083 ;;		wreg, status,2
  2084 ;; Tracked objects:
  2085 ;;		On entry : 0/0
  2086 ;;		On exit  : 0/0
  2087 ;;		Unchanged: 0/0
  2088 ;; Data sizes:     COMMON   BANK0   BANK1   BANK2
  2089 ;;      Params:         0       0       0       0
  2090 ;;      Locals:         0       0       0       0
  2091 ;;      Temps:          0       0       0       0
  2092 ;;      Totals:         0       0       0       0
  2093 ;;Total ram usage:        0 bytes
  2094 ;; Hardware stack levels used: 1
  2095 ;; This function calls:
  2096 ;;		Nothing
  2097 ;; This function is called by:
  2098 ;;		_SYSTEM_Initialize
  2099 ;; This function uses a non-reentrant model
  2100 ;;
  2101                           
  2102  06CD                     _OSCILLATOR_Initialize:	
  2103                           ;psect for function _OSCILLATOR_Initialize
  2104                           
  2105  06CD                     l735:	
  2106                           ;incstack = 0
  2107                           ; Regs used in _OSCILLATOR_Initialize: [wreg+status,2]
  2108                           
  2109                           
  2110                           ;mcc_generated_files/mcc.c: 61:     OSCCON1 = 0x60;
  2111  06CD  3060               	movlw	96
  2112  06CE  0151               	movlb	17	; select bank17
  2113  06CF  008D               	movwf	13	;volatile
  2114  06D0                     l737:
  2115                           
  2116                           ;mcc_generated_files/mcc.c: 63:     OSCCON3 = 0x00;
  2117  06D0  018F               	clrf	15	;volatile
  2118  06D1                     l739:
  2119                           
  2120                           ;mcc_generated_files/mcc.c: 65:     OSCEN = 0x00;
  2121  06D1  0191               	clrf	17	;volatile
  2122                           
  2123                           ;mcc_generated_files/mcc.c: 67:     OSCFRQ = 0x03;
  2124  06D2  3003               	movlw	3
  2125  06D3  0093               	movwf	19	;volatile
  2126  06D4                     l741:
  2127                           
  2128                           ;mcc_generated_files/mcc.c: 69:     OSCSTAT = 0x00;
  2129  06D4  0190               	clrf	16	;volatile
  2130  06D5                     l743:
  2131                           
  2132                           ;mcc_generated_files/mcc.c: 71:     OSCTUNE = 0x00;
  2133  06D5  0192               	clrf	18	;volatile
  2134  06D6                     l38:
  2135  06D6  0008               	return
  2136  06D7                     __end_of_OSCILLATOR_Initialize:
  2137                           
  2138                           	psect	text6
  2139  06C4                     __ptext6:	
  2140 ;; *************** function _ADC_Initialize *****************
  2141 ;; Defined at:
  2142 ;;		line 67 in file "mcc_generated_files/adc.c"
  2143 ;; Parameters:    Size  Location     Type
  2144 ;;		None
  2145 ;; Auto vars:     Size  Location     Type
  2146 ;;		None
  2147 ;; Return value:  Size  Location     Type
  2148 ;;                  1    wreg      void 
  2149 ;; Registers used:
  2150 ;;		wreg, status,2
  2151 ;; Tracked objects:
  2152 ;;		On entry : 0/0
  2153 ;;		On exit  : 0/0
  2154 ;;		Unchanged: 0/0
  2155 ;; Data sizes:     COMMON   BANK0   BANK1   BANK2
  2156 ;;      Params:         0       0       0       0
  2157 ;;      Locals:         0       0       0       0
  2158 ;;      Temps:          0       0       0       0
  2159 ;;      Totals:         0       0       0       0
  2160 ;;Total ram usage:        0 bytes
  2161 ;; Hardware stack levels used: 1
  2162 ;; This function calls:
  2163 ;;		Nothing
  2164 ;; This function is called by:
  2165 ;;		_SYSTEM_Initialize
  2166 ;; This function uses a non-reentrant model
  2167 ;;
  2168                           
  2169  06C4                     _ADC_Initialize:	
  2170                           ;psect for function _ADC_Initialize
  2171                           
  2172  06C4                     l745:	
  2173                           ;incstack = 0
  2174                           ; Regs used in _ADC_Initialize: [wreg+status,2]
  2175                           
  2176                           
  2177                           ;mcc_generated_files/adc.c: 72:     ADCON1 = 0xD0;
  2178  06C4  30D0               	movlw	208
  2179  06C5  0141               	movlb	1	; select bank1
  2180  06C6  009E               	movwf	30	;volatile
  2181  06C7                     l747:
  2182                           
  2183                           ;mcc_generated_files/adc.c: 75:     ADACT = 0x00;
  2184  06C7  019F               	clrf	31	;volatile
  2185  06C8                     l749:
  2186                           
  2187                           ;mcc_generated_files/adc.c: 78:     ADRESL = 0x00;
  2188  06C8  019B               	clrf	27	;volatile
  2189  06C9                     l751:
  2190                           
  2191                           ;mcc_generated_files/adc.c: 81:     ADRESH = 0x00;
  2192  06C9  019C               	clrf	28	;volatile
  2193  06CA                     l753:
  2194                           
  2195                           ;mcc_generated_files/adc.c: 84:     ADCON0 = 0x01;
  2196  06CA  3001               	movlw	1
  2197  06CB  009D               	movwf	29	;volatile
  2198  06CC                     l96:
  2199  06CC  0008               	return
  2200  06CD                     __end_of_ADC_Initialize:
  2201                           
  2202                           	psect	text7
  2203  06AC                     __ptext7:	
  2204 ;; *************** function _ADC_StartConversion *****************
  2205 ;; Defined at:
  2206 ;;		line 96 in file "mcc_generated_files/adc.c"
  2207 ;; Parameters:    Size  Location     Type
  2208 ;;		None
  2209 ;; Auto vars:     Size  Location     Type
  2210 ;;		None
  2211 ;; Return value:  Size  Location     Type
  2212 ;;                  1    wreg      void 
  2213 ;; Registers used:
  2214 ;;		None
  2215 ;; Tracked objects:
  2216 ;;		On entry : 0/0
  2217 ;;		On exit  : 0/0
  2218 ;;		Unchanged: 0/0
  2219 ;; Data sizes:     COMMON   BANK0   BANK1   BANK2
  2220 ;;      Params:         0       0       0       0
  2221 ;;      Locals:         0       0       0       0
  2222 ;;      Temps:          0       0       0       0
  2223 ;;      Totals:         0       0       0       0
  2224 ;;Total ram usage:        0 bytes
  2225 ;; Hardware stack levels used: 1
  2226 ;; This function calls:
  2227 ;;		Nothing
  2228 ;; This function is called by:
  2229 ;;		_main
  2230 ;; This function uses a non-reentrant model
  2231 ;;
  2232                           
  2233  06AC                     _ADC_StartConversion:	
  2234                           ;psect for function _ADC_StartConversion
  2235                           
  2236  06AC                     l767:	
  2237                           ;incstack = 0
  2238                           ; Regs used in _ADC_StartConversion: []
  2239                           
  2240                           
  2241                           ;mcc_generated_files/adc.c: 99:     ADCON0bits.GOnDONE = 1;
  2242  06AC  0141               	movlb	1	; select bank1
  2243  06AD  149D               	bsf	29,1	;volatile
  2244  06AE                     l102:
  2245  06AE  0008               	return
  2246  06AF                     __end_of_ADC_StartConversion:
  2247                           
  2248                           	psect	text8
  2249  06D7                     __ptext8:	
  2250 ;; *************** function _ADC_SelectChannel *****************
  2251 ;; Defined at:
  2252 ;;		line 88 in file "mcc_generated_files/adc.c"
  2253 ;; Parameters:    Size  Location     Type
  2254 ;;  channel         1    wreg     enum E6243
  2255 ;; Auto vars:     Size  Location     Type
  2256 ;;  channel         1    1[COMMON] enum E6243
  2257 ;; Return value:  Size  Location     Type
  2258 ;;                  1    wreg      void 
  2259 ;; Registers used:
  2260 ;;		wreg, status,2, status,0
  2261 ;; Tracked objects:
  2262 ;;		On entry : 0/0
  2263 ;;		On exit  : 0/0
  2264 ;;		Unchanged: 0/0
  2265 ;; Data sizes:     COMMON   BANK0   BANK1   BANK2
  2266 ;;      Params:         0       0       0       0
  2267 ;;      Locals:         1       0       0       0
  2268 ;;      Temps:          1       0       0       0
  2269 ;;      Totals:         2       0       0       0
  2270 ;;Total ram usage:        2 bytes
  2271 ;; Hardware stack levels used: 1
  2272 ;; This function calls:
  2273 ;;		Nothing
  2274 ;; This function is called by:
  2275 ;;		_main
  2276 ;; This function uses a non-reentrant model
  2277 ;;
  2278                           
  2279  06D7                     _ADC_SelectChannel:	
  2280                           ;psect for function _ADC_SelectChannel
  2281                           
  2282                           
  2283                           ;incstack = 0
  2284                           ; Regs used in _ADC_SelectChannel: [wreg+status,2+status,0]
  2285                           ;ADC_SelectChannel@channel stored from wreg
  2286  06D7  00F1               	movwf	ADC_SelectChannel@channel
  2287  06D8                     l763:
  2288                           
  2289                           ;mcc_generated_files/adc.c: 88: void ADC_SelectChannel(adc_channel_t channel);mcc_genera
      +                          ted_files/adc.c: 89: {;mcc_generated_files/adc.c: 91:     ADCON0bits.CHS = channel;
  2290  06D8  0871               	movf	ADC_SelectChannel@channel,w
  2291  06D9  00F0               	movwf	??_ADC_SelectChannel
  2292  06DA  0DF0               	rlf	??_ADC_SelectChannel,f
  2293  06DB  0DF0               	rlf	??_ADC_SelectChannel,f
  2294  06DC  0141               	movlb	1	; select bank1
  2295  06DD  081D               	movf	29,w	;volatile
  2296  06DE  0670               	xorwf	??_ADC_SelectChannel,w
  2297  06DF  3903               	andlw	-253
  2298  06E0  0670               	xorwf	??_ADC_SelectChannel,w
  2299  06E1  009D               	movwf	29	;volatile
  2300  06E2                     l765:
  2301                           
  2302                           ;mcc_generated_files/adc.c: 93:     ADCON0bits.ADON = 1;
  2303  06E2  141D               	bsf	29,0	;volatile
  2304  06E3                     l99:
  2305  06E3  0008               	return
  2306  06E4                     __end_of_ADC_SelectChannel:
  2307                           
  2308                           	psect	text9
  2309  06B5                     __ptext9:	
  2310 ;; *************** function _ADC_IsConversionDone *****************
  2311 ;; Defined at:
  2312 ;;		line 103 in file "mcc_generated_files/adc.c"
  2313 ;; Parameters:    Size  Location     Type
  2314 ;;		None
  2315 ;; Auto vars:     Size  Location     Type
  2316 ;;		None
  2317 ;; Return value:  Size  Location     Type
  2318 ;;                  1    wreg      _Bool 
  2319 ;; Registers used:
  2320 ;;		wreg, status,0
  2321 ;; Tracked objects:
  2322 ;;		On entry : 0/0
  2323 ;;		On exit  : 0/0
  2324 ;;		Unchanged: 0/0
  2325 ;; Data sizes:     COMMON   BANK0   BANK1   BANK2
  2326 ;;      Params:         0       0       0       0
  2327 ;;      Locals:         0       0       0       0
  2328 ;;      Temps:          0       0       0       0
  2329 ;;      Totals:         0       0       0       0
  2330 ;;Total ram usage:        0 bytes
  2331 ;; Hardware stack levels used: 1
  2332 ;; This function calls:
  2333 ;;		Nothing
  2334 ;; This function is called by:
  2335 ;;		_main
  2336 ;; This function uses a non-reentrant model
  2337 ;;
  2338                           
  2339  06B5                     _ADC_IsConversionDone:	
  2340                           ;psect for function _ADC_IsConversionDone
  2341                           
  2342  06B5                     l769:	
  2343                           ;incstack = 0
  2344                           ; Regs used in _ADC_IsConversionDone: [wreg+status,0]
  2345                           
  2346                           
  2347                           ;mcc_generated_files/adc.c: 106:    return ((_Bool)(!ADCON0bits.GOnDONE));
  2348  06B5  1003               	clrc
  2349  06B6  0141               	movlb	1	; select bank1
  2350  06B7  1C9D               	btfss	29,1	;volatile
  2351  06B8  1403               	setc
  2352  06B9  3000               	movlw	0
  2353  06BA  3D09               	addwfc	9,w
  2354  06BB                     l105:
  2355  06BB  0008               	return
  2356  06BC                     __end_of_ADC_IsConversionDone:
  2357                           
  2358                           	psect	text10
  2359  06AF                     __ptext10:	
  2360 ;; *************** function _ADC_GetConversionResult *****************
  2361 ;; Defined at:
  2362 ;;		line 109 in file "mcc_generated_files/adc.c"
  2363 ;; Parameters:    Size  Location     Type
  2364 ;;		None
  2365 ;; Auto vars:     Size  Location     Type
  2366 ;;		None
  2367 ;; Return value:  Size  Location     Type
  2368 ;;                  2    0[COMMON] unsigned short 
  2369 ;; Registers used:
  2370 ;;		wreg
  2371 ;; Tracked objects:
  2372 ;;		On entry : 0/0
  2373 ;;		On exit  : 0/0
  2374 ;;		Unchanged: 0/0
  2375 ;; Data sizes:     COMMON   BANK0   BANK1   BANK2
  2376 ;;      Params:         2       0       0       0
  2377 ;;      Locals:         0       0       0       0
  2378 ;;      Temps:          0       0       0       0
  2379 ;;      Totals:         2       0       0       0
  2380 ;;Total ram usage:        2 bytes
  2381 ;; Hardware stack levels used: 1
  2382 ;; This function calls:
  2383 ;;		Nothing
  2384 ;; This function is called by:
  2385 ;;		_main
  2386 ;; This function uses a non-reentrant model
  2387 ;;
  2388                           
  2389  06AF                     _ADC_GetConversionResult:	
  2390                           ;psect for function _ADC_GetConversionResult
  2391                           
  2392  06AF                     l919:	
  2393                           ;incstack = 0
  2394                           ; Regs used in _ADC_GetConversionResult: [wreg]
  2395                           
  2396                           
  2397                           ;mcc_generated_files/adc.c: 112:     return ((adc_result_t)((ADRESH << 8) + ADRESL));
  2398  06AF  0141               	movlb	1	; select bank1
  2399  06B0  081C               	movf	28,w	;volatile
  2400  06B1  00F1               	movwf	?_ADC_GetConversionResult+1
  2401  06B2  081B               	movf	27,w	;volatile
  2402  06B3  00F0               	movwf	?_ADC_GetConversionResult
  2403  06B4                     l108:
  2404  06B4  0008               	return
  2405  06B5                     __end_of_ADC_GetConversionResult:
  2406  007E                     btemp	set	126	;btemp
  2407  007E                     wtemp0	set	126
  2408                           
  2409                           	psect	idloc
  2410                           
  2411                           ;Config register IDLOC0 @ 0x8000
  2412                           ;	unspecified, using default values
  2413  8000                     	org	32768
  2414  8000  3FFF               	dw	16383
  2415                           
  2416                           ;Config register IDLOC1 @ 0x8001
  2417                           ;	unspecified, using default values
  2418  8001                     	org	32769
  2419  8001  3FFF               	dw	16383
  2420                           
  2421                           ;Config register IDLOC2 @ 0x8002
  2422                           ;	unspecified, using default values
  2423  8002                     	org	32770
  2424  8002  3FFF               	dw	16383
  2425                           
  2426                           ;Config register IDLOC3 @ 0x8003
  2427                           ;	unspecified, using default values
  2428  8003                     	org	32771
  2429  8003  3FFF               	dw	16383
  2430                           
  2431                           	psect	config
  2432                           
  2433                           ;Config register CONFIG1 @ 0x8007
  2434                           ;	External Oscillator mode selection bits
  2435                           ;	FEXTOSC = OFF, Oscillator not enabled
  2436                           ;	Power-up default value for COSC bits
  2437                           ;	RSTOSC = HFINT1, HFINTOSC (1MHz)
  2438                           ;	Clock Out Enable bit
  2439                           ;	CLKOUTEN = OFF, CLKOUT function is disabled; i/o or oscillator function on OSC2
  2440                           ;	Clock Switch Enable bit
  2441                           ;	CSWEN = ON, Writing to NOSC and NDIV is allowed
  2442                           ;	Fail-Safe Clock Monitor Enable bit
  2443                           ;	FCMEN = ON, FSCM timer enabled
  2444  8007                     	org	32775
  2445  8007  3FEC               	dw	16364
  2446                           
  2447                           ;Config register CONFIG2 @ 0x8008
  2448                           ;	Master Clear Enable bit
  2449                           ;	MCLRE = ON, MCLR pin is Master Clear function
  2450                           ;	Power-up Timer Enable bit
  2451                           ;	PWRTE = OFF, PWRT disabled
  2452                           ;	Low-Power BOR enable bit
  2453                           ;	LPBOREN = OFF, ULPBOR disabled
  2454                           ;	Brown-out reset enable bits
  2455                           ;	BOREN = ON, Brown-out Reset Enabled, SBOREN bit is ignored
  2456                           ;	Brown-out Reset Voltage Selection
  2457                           ;	BORV = LO, Brown-out Reset Voltage (VBOR) set to 1.9V on LF, and 2.45V on F Devices
  2458                           ;	Zero-cross detect disable
  2459                           ;	ZCD = OFF, Zero-cross detect circuit is disabled at POR.
  2460                           ;	Peripheral Pin Select one-way control
  2461                           ;	PPS1WAY = ON, The PPSLOCK bit can be cleared and set only once in software
  2462                           ;	Stack Overflow/Underflow Reset Enable bit
  2463                           ;	STVREN = ON, Stack Overflow or Underflow will cause a reset
  2464  8008                     	org	32776
  2465  8008  3FFF               	dw	16383
  2466                           
  2467                           ;Config register CONFIG3 @ 0x8009
  2468                           ;	WDT Period Select bits
  2469                           ;	WDTCPS = WDTCPS_31, Divider ratio 1:65536; software control of WDTPS
  2470                           ;	WDT operating mode
  2471                           ;	WDTE = OFF, WDT Disabled, SWDTEN is ignored
  2472                           ;	WDT Window Select bits
  2473                           ;	WDTCWS = WDTCWS_7, window always open (100%); software control; keyed access not requi
      +                          red
  2474                           ;	WDT input clock selector
  2475                           ;	WDTCCS = SC, Software Control
  2476  8009                     	org	32777
  2477  8009  3F9F               	dw	16287
  2478                           
  2479                           ;Config register CONFIG4 @ 0x800A
  2480                           ;	Boot Block Size Selection bits
  2481                           ;	BBSIZE = BB512, 512 words boot block size
  2482                           ;	Boot Block Enable bit
  2483                           ;	BBEN = OFF, Boot Block disabled
  2484                           ;	SAF Enable bit
  2485                           ;	SAFEN = OFF, SAF disabled
  2486                           ;	Application Block Write Protection bit
  2487                           ;	WRTAPP = OFF, Application Block not write protected
  2488                           ;	Boot Block Write Protection bit
  2489                           ;	WRTB = OFF, Boot Block not write protected
  2490                           ;	Configuration Register Write Protection bit
  2491                           ;	WRTC = OFF, Configuration Register not write protected
  2492                           ;	Storage Area Flash Write Protection bit
  2493                           ;	WRTSAF = OFF, SAF not write protected
  2494                           ;	Low Voltage Programming Enable bit
  2495                           ;	LVP = ON, Low Voltage programming enabled. MCLR/Vpp pin function is MCLR.
  2496  800A                     	org	32778
  2497  800A  3FFF               	dw	16383
  2498                           
  2499                           ;Config register CONFIG5 @ 0x800B
  2500                           ;	UserNVM Program memory code protection bit
  2501                           ;	CP = OFF, UserNVM code protection disabled
  2502  800B                     	org	32779
  2503  800B  3FFF               	dw	16383

Data Sizes:
    Strings     0
    Constant    0
    Data        0
    BSS         2
    Persistent  32
    Stack       0

Auto Spaces:
    Space          Size  Autos    Used
    COMMON           14     13      13
    BANK0            80      0       2
    BANK1            80      0       0
    BANK2            80      0       0

Pointer List with Targets:

    ADC_InterruptHandler	PTR FTN()void  size(2) Largest target is 1
		 -> Absolute function(), 


Critical Paths under _main in COMMON

    _main->___lwdiv

Critical Paths under _main in BANK0

    None.

Critical Paths under _main in BANK1

    None.

Critical Paths under _main in BANK2

    None.

Call Graph Tables:

 ---------------------------------------------------------------------------------
 (Depth) Function   	        Calls       Base Space   Used Autos Params    Refs
 ---------------------------------------------------------------------------------
 (0) _main                                                 5     5      0     398
                                              8 COMMON     5     5      0
            _ADC_GetConversionResult
               _ADC_IsConversionDone
                  _ADC_SelectChannel
                _ADC_StartConversion
                  _SYSTEM_Initialize
                            ___lwdiv
 ---------------------------------------------------------------------------------
 (1) ___lwdiv                                              8     4      4     314
                                              0 COMMON     8     4      4
 ---------------------------------------------------------------------------------
 (1) _SYSTEM_Initialize                                    0     0      0       0
                     _ADC_Initialize
              _OSCILLATOR_Initialize
             _PIN_MANAGER_Initialize
                     _PMD_Initialize
 ---------------------------------------------------------------------------------
 (2) _PMD_Initialize                                       0     0      0       0
 ---------------------------------------------------------------------------------
 (2) _PIN_MANAGER_Initialize                               0     0      0       0
 ---------------------------------------------------------------------------------
 (2) _OSCILLATOR_Initialize                                0     0      0       0
 ---------------------------------------------------------------------------------
 (2) _ADC_Initialize                                       0     0      0       0
 ---------------------------------------------------------------------------------
 (1) _ADC_StartConversion                                  0     0      0       0
 ---------------------------------------------------------------------------------
 (1) _ADC_SelectChannel                                    2     2      0      15
                                              0 COMMON     2     2      0
 ---------------------------------------------------------------------------------
 (1) _ADC_IsConversionDone                                 0     0      0       0
 ---------------------------------------------------------------------------------
 (1) _ADC_GetConversionResult                              2     0      2       0
                                              0 COMMON     2     0      2
 ---------------------------------------------------------------------------------
 Estimated maximum stack depth 2
 ---------------------------------------------------------------------------------

 Call Graph Graphs:

 _main (ROOT)
   _ADC_GetConversionResult
   _ADC_IsConversionDone
   _ADC_SelectChannel
   _ADC_StartConversion
   _SYSTEM_Initialize
     _ADC_Initialize
     _OSCILLATOR_Initialize
     _PIN_MANAGER_Initialize
     _PMD_Initialize
   ___lwdiv

 Address spaces:
Name               Size   Autos  Total    Cost      Usage
BIGRAM              F0      0       0       0        0.0%
NULL                 0      0       0       0        0.0%
CODE                 0      0       0       0        0.0%
BITCOMMON            E      0       0       1        0.0%
BITSFR0              0      0       0       1        0.0%
SFR0                 0      0       0       1        0.0%
COMMON               E      D       D       2       92.9%
BITSFR1              0      0       0       2        0.0%
SFR1                 0      0       0       2        0.0%
BITSFR2              0      0       0       3        0.0%
SFR2                 0      0       0       3        0.0%
STACK                0      0       0       3        0.0%
BITBANK0            50      0       0       4        0.0%
BITSFR3              0      0       0       4        0.0%
SFR3                 0      0       0       4        0.0%
BANK0               50      0       2       5        2.5%
BITSFR4              0      0       0       5        0.0%
SFR4                 0      0       0       5        0.0%
BITBANK1            50      0       0       6        0.0%
BITSFR5              0      0       0       6        0.0%
SFR5                 0      0       0       6        0.0%
BANK1               50      0       0       7        0.0%
BITSFR6              0      0       0       7        0.0%
SFR6                 0      0       0       7        0.0%
BITBANK2            50      0       0       8        0.0%
BITSFR7              0      0       0       8        0.0%
SFR7                 0      0       0       8        0.0%
BANK2               50      0       0       9        0.0%
BITSFR8              0      0       0       9        0.0%
SFR8                 0      0       0       9        0.0%
BITSFR9              0      0       0      10        0.0%
SFR9                 0      0       0      10        0.0%
ABS                  0      0       F      10        0.0%
BITSFR10             0      0       0      11        0.0%
SFR10                0      0       0      11        0.0%
DATA                 0      0       F      11        0.0%
BITSFR11             0      0       0      12        0.0%
SFR11                0      0       0      12        0.0%
BITSFR12             0      0       0      13        0.0%
SFR12                0      0       0      13        0.0%
BITSFR13             0      0       0      14        0.0%
SFR13                0      0       0      14        0.0%
BITSFR14             0      0       0      15        0.0%
SFR14                0      0       0      15        0.0%
BITSFR15             0      0       0      16        0.0%
SFR15                0      0       0      16        0.0%
BITSFR16             0      0       0      17        0.0%
SFR16                0      0       0      17        0.0%
BITSFR17             0      0       0      18        0.0%
SFR17                0      0       0      18        0.0%
BITSFR18             0      0       0      19        0.0%
SFR18                0      0       0      19        0.0%
BITSFR19             0      0       0      20        0.0%
SFR19                0      0       0      20        0.0%
BITSFR20             0      0       0      21        0.0%
SFR20                0      0       0      21        0.0%
BITSFR21             0      0       0      22        0.0%
SFR21                0      0       0      22        0.0%
BITSFR22             0      0       0      23        0.0%
SFR22                0      0       0      23        0.0%
BITSFR23             0      0       0      24        0.0%
SFR23                0      0       0      24        0.0%
BITSFR24             0      0       0      25        0.0%
SFR24                0      0       0      25        0.0%
BITSFR25             0      0       0      26        0.0%
SFR25                0      0       0      26        0.0%
BITSFR26             0      0       0      27        0.0%
SFR26                0      0       0      27        0.0%
BITSFR27             0      0       0      28        0.0%
SFR27                0      0       0      28        0.0%
BITSFR28             0      0       0      29        0.0%
SFR28                0      0       0      29        0.0%
BITSFR29             0      0       0      30        0.0%
SFR29                0      0       0      30        0.0%
BITSFR30             0      0       0      31        0.0%
SFR30                0      0       0      31        0.0%
BITSFR31             0      0       0      32        0.0%
SFR31                0      0       0      32        0.0%
BITSFR32             0      0       0      33        0.0%
SFR32                0      0       0      33        0.0%
BITSFR33             0      0       0      34        0.0%
SFR33                0      0       0      34        0.0%
BITSFR34             0      0       0      35        0.0%
SFR34                0      0       0      35        0.0%
BITSFR35             0      0       0      36        0.0%
SFR35                0      0       0      36        0.0%
BITSFR36             0      0       0      37        0.0%
SFR36                0      0       0      37        0.0%
BITSFR37             0      0       0      38        0.0%
SFR37                0      0       0      38        0.0%
BITSFR38             0      0       0      39        0.0%
SFR38                0      0       0      39        0.0%
BITSFR39             0      0       0      40        0.0%
SFR39                0      0       0      40        0.0%
BITSFR40             0      0       0      41        0.0%
SFR40                0      0       0      41        0.0%
BITSFR41             0      0       0      42        0.0%
SFR41                0      0       0      42        0.0%
BITSFR42             0      0       0      43        0.0%
SFR42                0      0       0      43        0.0%
BITSFR43             0      0       0      44        0.0%
SFR43                0      0       0      44        0.0%
BITSFR44             0      0       0      45        0.0%
SFR44                0      0       0      45        0.0%
BITSFR45             0      0       0      46        0.0%
SFR45                0      0       0      46        0.0%
BITSFR46             0      0       0      47        0.0%
SFR46                0      0       0      47        0.0%
BITSFR47             0      0       0      48        0.0%
SFR47                0      0       0      48        0.0%
BITSFR48             0      0       0      49        0.0%
SFR48                0      0       0      49        0.0%
BITSFR49             0      0       0      50        0.0%
SFR49                0      0       0      50        0.0%
BITSFR50             0      0       0      51        0.0%
SFR50                0      0       0      51        0.0%
BITSFR51             0      0       0      52        0.0%
SFR51                0      0       0      52        0.0%
BITSFR52             0      0       0      53        0.0%
SFR52                0      0       0      53        0.0%
BITSFR53             0      0       0      54        0.0%
SFR53                0      0       0      54        0.0%
BITSFR54             0      0       0      55        0.0%
SFR54                0      0       0      55        0.0%
BITSFR55             0      0       0      56        0.0%
SFR55                0      0       0      56        0.0%
BITSFR56             0      0       0      57        0.0%
SFR56                0      0       0      57        0.0%
BITSFR57             0      0       0      58        0.0%
SFR57                0      0       0      58        0.0%
BITSFR58             0      0       0      59        0.0%
SFR58                0      0       0      59        0.0%
BITSFR59             0      0       0      60        0.0%
SFR59                0      0       0      60        0.0%
BITSFR60             0      0       0      61        0.0%
SFR60                0      0       0      61        0.0%
BITSFR61             0      0       0      62        0.0%
SFR61                0      0       0      62        0.0%
BITSFR62             0      0       0      63        0.0%
SFR62                0      0       0      63        0.0%
BITSFR63             0      0       0      64        0.0%
SFR63                0      0       0      64        0.0%


Microchip Technology PIC Macro Assembler V2.36 build 20220127204148 
Symbol Table                                                                                   Mon Jan 23 10:39:14 2023

                             l41 06C3                               l35 06F0                               l38 06D6  
                             l74 070C                               l96 06CC                               l99 06E3  
                            l102 06AE                              l105 06BB                              l108 06B4  
                            l541 0748                              l721 06F1                              l731 06FF  
                            l723 06F8                              l741 06D4                              l733 0700  
                            l725 06F9                              l751 06C9                              l743 06D5  
                            l735 06CD                              l727 06FD                              l719 06BC  
                            l753 06CA                              l745 06C4                              l737 06D0  
                            l729 06FE                              l761 06ED                              l763 06D8  
                            l747 06C7                              l739 06D1                              l755 06E4  
                            l931 071D                              l923 070D                              l765 06E2  
                            l749 06C8                              l757 06E7                              l941 0739  
                            l933 0721                              l925 070F                              l919 06AF  
                            l767 06AC                              l759 06EA                              l943 073E  
                            l935 0725                              l927 0715                              l951 074C  
                            l769 06B5                              l937 0734                              l929 0718  
                            l945 0744                              l961 0752                              l953 074E  
                            l939 0738                              l971 0762                              l963 0753  
                            l955 074F                              l981 0767                              l973 0763  
                            l965 0754                              l957 0750                              l949 0749  
                            l991 0783                              l983 0768                              l975 0764  
                            l967 0755                              l959 0751                              l993 078A  
                            l985 0769                              l977 0765                              l969 0760  
                            l995 0799                              l987 0778                              l979 0766  
                            l997 079F                              l989 077B                              l999 07A4  
                            u110 0715                              u111 0714                              u130 0725  
                            u131 0724                              u125 0719                              u150 0734  
                            u151 0733                              u207 075A                              u145 0726  
                            u217 076E                              u170 0744                              u171 0743  
                            u155 0730                              u180 0783                              u165 073A  
                            u181 0782                              u190 079F                              u191 079E  
                            wreg 0009                             l1001 07AA                             l1011 07C8  
                           l1003 07B0                             l1013 07CB                             l1005 07B6  
                           l1015 07CD                             l1007 07BC                             l1009 07C2  
                           l1025 07D5                             l1051 07DD                             l1019 07D1  
                           _LATA 0018                             _LATC 001A                             _PMD0 0796  
                           _PMD1 0797                             _PMD2 0798                             _PMD3 0799  
                           _PMD4 079A                             _PMD5 079B                             _WPUA 1F39  
                           _WPUC 1F4F                             _main 0749                             btemp 007E  
                           start 0001    __end_of_OSCILLATOR_Initialize 06D7                            _ADACT 009F  
                          ?_main 0070                  __end_of___lwdiv 0749                            _OSCEN 0891  
                          _PORTA 000C                            _PORTC 000E                            _TRISA 0012  
                          _TRISC 0014                            status 0003                            wtemp0 007E  
                __initialization 07FB                     __end_of_main 07FB                           ??_main 0078  
                         _ADCON0 009D                           _ADCON1 009E                           _ADRESH 009C  
                         _ADRESL 009B                           _ANSELA 1F38                           _ANSELC 1F4E  
                         _ODCONA 1F3A                           _ODCONC 1F50                           _INLVLA 1F3C  
                         _INLVLC 1F52                           _OSCFRQ 0893                        ??___lwdiv 0074  
                 _PMD_Initialize 06BC                _SYSTEM_Initialize 06E4          __end_of__initialization 07FE  
             ?_SYSTEM_Initialize 0070                   __pcstackCOMMON 0070              ??_SYSTEM_Initialize 0070  
         __end_of_PMD_Initialize 06C4          _ADC_GetConversionResult 06AF        __end_of_SYSTEM_Initialize 06F1  
                     __pbssBANK0 0020                       __pmaintext 0749                  ?_PMD_Initialize 0070  
                        _OSCCON1 088D                          _OSCCON3 088F                          _OSCSTAT 0890  
                        _OSCTUNE 0892                          _SLRCONA 1F3B                          _SLRCONC 1F51  
           _ADC_InterruptHandler 0020                          ___lwdiv 070D        ??_ADC_GetConversionResult 0072  
                        __ptext1 070D                          __ptext2 06E4                          __ptext3 06BC  
                        __ptext4 06F1                          __ptext5 06CD                          __ptext6 06C4  
                        __ptext7 06AC                          __ptext8 06D7                          __ptext9 06B5  
          _OSCILLATOR_Initialize 06CD         ??_PIN_MANAGER_Initialize 0070             end_of_initialization 07FE  
   __end_of_ADC_IsConversionDone 06BC              _ADC_StartConversion 06AC             ?_ADC_StartConversion 0070  
                 _ADC_Initialize 06C4           ?_OSCILLATOR_Initialize 0070              start_initialization 07FB  
          ??_ADC_StartConversion 0070                 ??_PMD_Initialize 0070           __end_of_ADC_Initialize 06CD  
             main@convertedValue 007A                        ___latbits 0000             _ADC_IsConversionDone 06B5  
               ___lwdiv@dividend 0072           _PIN_MANAGER_Initialize 06F1                _ADC_SelectChannel 06D7  
                       ?___lwdiv 0070                  ?_ADC_Initialize 0070               ?_ADC_SelectChannel 0070  
                       _ADACTPPS 1EC3              ??_ADC_SelectChannel 0070            ?_ADC_IsConversionDone 0070  
               ___lwdiv@quotient 0075                         _LATAbits 0018                         _LATCbits 001A  
      __end_of_ADC_SelectChannel 06E4                       _ADCON0bits 009D         ADC_SelectChannel@channel 0071  
                      main@count 007C         ?_ADC_GetConversionResult 0070          ??_OSCILLATOR_Initialize 0070  
         ??_ADC_IsConversionDone 0070                  ___lwdiv@divisor 0070                  ___lwdiv@counter 0077  
                       __ptext10 06AF      __end_of_ADC_StartConversion 06AF          ?_PIN_MANAGER_Initialize 0070  
__end_of_ADC_GetConversionResult 06B5                 ??_ADC_Initialize 0070   __end_of_PIN_MANAGER_Initialize 070D  
